Year,Product,Exports to US,Imports from US
2006,001 Live animals (excl seafood),1.3,13.7
2007,001 Live animals (excl seafood),2.3,11.1
2008,001 Live animals (excl seafood),1.6,18.6
2009,001 Live animals (excl seafood),1.1,17.6
2010,001 Live animals (excl seafood),0.7,13.9
2011,001 Live animals (excl seafood),0.7,7.5
2012,001 Live animals (excl seafood),0.2,6.7
2013,001 Live animals (excl seafood),0.2,4.1
2014,001 Live animals (excl seafood),0.5,4.8
2015,001 Live animals (excl seafood),0.4,4.1
2016,001 Live animals (excl seafood),0.8,1
2017,001 Live animals (excl seafood),0.4,2.6
2018,001 Live animals (excl seafood),0.4,0.7
2019,001 Live animals (excl seafood),0.4,1.3
2020,001 Live animals (excl seafood),0.4,5.5
2021,001 Live animals (excl seafood),0.4,6.8
2022,001 Live animals (excl seafood),0.5,5.9
2023,001 Live animals (excl seafood),0.8,1.2
2024,001 Live animals (excl seafood),1,1.4
2025,001 Live animals (excl seafood),0.4,2.3
2006,"011 Beef, f.c.f.",24.9,0
2007,"011 Beef, f.c.f.",25.6,0
2008,"011 Beef, f.c.f.",21.1,0
2009,"011 Beef, f.c.f.",22.6,0
2010,"011 Beef, f.c.f.",17.7,0
2011,"011 Beef, f.c.f.",15.9,0
2012,"011 Beef, f.c.f.",21.4,0
2013,"011 Beef, f.c.f.",17.9,0
2014,"011 Beef, f.c.f.",31.3,0
2015,"011 Beef, f.c.f.",33.1,0
2016,"011 Beef, f.c.f.",23.3,0
2017,"011 Beef, f.c.f.",22.5,0
2018,"011 Beef, f.c.f.",20.3,0
2019,"011 Beef, f.c.f.",20.4,0
2020,"011 Beef, f.c.f.",21.3,0
2021,"011 Beef, f.c.f.",17.7,0
2022,"011 Beef, f.c.f.",16.9,0
2023,"011 Beef, f.c.f.",22.9,0
2024,"011 Beef, f.c.f.",31.1,7.2
2025,"011 Beef, f.c.f.",31.3,0
2006,"012 Meat (excl beef), f.c.f.",20.5,20.9
2007,"012 Meat (excl beef), f.c.f.",20.8,24.9
2008,"012 Meat (excl beef), f.c.f.",17.9,26.2
2009,"012 Meat (excl beef), f.c.f.",18.7,26.1
2010,"012 Meat (excl beef), f.c.f.",18.2,30.9
2011,"012 Meat (excl beef), f.c.f.",19.4,40.4
2012,"012 Meat (excl beef), f.c.f.",16.9,36.3
2013,"012 Meat (excl beef), f.c.f.",15.8,30.7
2014,"012 Meat (excl beef), f.c.f.",18.5,30.7
2015,"012 Meat (excl beef), f.c.f.",23.5,29.5
2016,"012 Meat (excl beef), f.c.f.",23.6,34.6
2017,"012 Meat (excl beef), f.c.f.",23.1,35.7
2018,"012 Meat (excl beef), f.c.f.",20.6,40.2
2019,"012 Meat (excl beef), f.c.f.",20.3,44.5
2020,"012 Meat (excl beef), f.c.f.",20.7,49.1
2021,"012 Meat (excl beef), f.c.f.",25.3,33
2022,"012 Meat (excl beef), f.c.f.",25.3,18.4
2023,"012 Meat (excl beef), f.c.f.",20,38.7
2024,"012 Meat (excl beef), f.c.f.",24.2,46.6
2025,"012 Meat (excl beef), f.c.f.",24.4,44.1
2006,"016 Meat, salted or dried",3.5,38.6
2007,"016 Meat, salted or dried",0.9,27
2008,"016 Meat, salted or dried",0,21.7
2009,"016 Meat, salted or dried",0.1,6.4
2010,"016 Meat, salted or dried",0,4.8
2011,"016 Meat, salted or dried",0,19.8
2012,"016 Meat, salted or dried",0.4,27
2013,"016 Meat, salted or dried",0,23.6
2014,"016 Meat, salted or dried",0,21.1
2015,"016 Meat, salted or dried",0,21.7
2016,"016 Meat, salted or dried",0,14.1
2017,"016 Meat, salted or dried",9.8,14.5
2018,"016 Meat, salted or dried",23.4,10.5
2019,"016 Meat, salted or dried",0,6.2
2020,"016 Meat, salted or dried",0,0
2021,"016 Meat, salted or dried",0,0
2022,"016 Meat, salted or dried",0,0.2
2023,"016 Meat, salted or dried",0,0.1
2024,"016 Meat, salted or dried",0,0.1
2025,"016 Meat, salted or dried",16.3,0.1
2006,"017 Meat, prepared or preserved",5.7,21.3
2007,"017 Meat, prepared or preserved",5.2,22.1
2008,"017 Meat, prepared or preserved",6.2,20.7
2009,"017 Meat, prepared or preserved",7.5,22.8
2010,"017 Meat, prepared or preserved",6.4,16
2011,"017 Meat, prepared or preserved",10.9,15.9
2012,"017 Meat, prepared or preserved",13.1,15.3
2013,"017 Meat, prepared or preserved",13.3,13.5
2014,"017 Meat, prepared or preserved",11.2,13.9
2015,"017 Meat, prepared or preserved",13.3,20.6
2016,"017 Meat, prepared or preserved",11.3,17.1
2017,"017 Meat, prepared or preserved",10.1,19.7
2018,"017 Meat, prepared or preserved",10.7,16.7
2019,"017 Meat, prepared or preserved",10.6,19.5
2020,"017 Meat, prepared or preserved",17.5,20.7
2021,"017 Meat, prepared or preserved",19.2,18.5
2022,"017 Meat, prepared or preserved",20.1,17
2023,"017 Meat, prepared or preserved",17.1,17.3
2024,"017 Meat, prepared or preserved",17.6,16.8
2025,"017 Meat, prepared or preserved",17.1,15.1
2006,"022 Milk, cream, whey & yoghurt",1.7,6.1
2007,"022 Milk, cream, whey & yoghurt",1.8,3.5
2008,"022 Milk, cream, whey & yoghurt",1.4,8.2
2009,"022 Milk, cream, whey & yoghurt",1.7,3.4
2010,"022 Milk, cream, whey & yoghurt",0.7,6.3
2011,"022 Milk, cream, whey & yoghurt",0.6,8.3
2012,"022 Milk, cream, whey & yoghurt",1,16
2013,"022 Milk, cream, whey & yoghurt",0.5,22.9
2014,"022 Milk, cream, whey & yoghurt",0.5,26.2
2015,"022 Milk, cream, whey & yoghurt",0.7,15.7
2016,"022 Milk, cream, whey & yoghurt",0.8,13.2
2017,"022 Milk, cream, whey & yoghurt",0.6,14.7
2018,"022 Milk, cream, whey & yoghurt",0.5,13.8
2019,"022 Milk, cream, whey & yoghurt",0.7,14.1
2020,"022 Milk, cream, whey & yoghurt",0.5,14.2
2021,"022 Milk, cream, whey & yoghurt",0.2,10.7
2022,"022 Milk, cream, whey & yoghurt",0,14.4
2023,"022 Milk, cream, whey & yoghurt",0.1,10.4
2024,"022 Milk, cream, whey & yoghurt",0.1,10.6
2025,"022 Milk, cream, whey & yoghurt",0,12.1
2006,023 Butter,11.2,0.1
2007,023 Butter,6.6,1.3
2008,023 Butter,7.3,6.8
2009,023 Butter,5.1,0
2010,023 Butter,2.6,2.6
2011,023 Butter,2.1,1.6
2012,023 Butter,4.5,0.4
2013,023 Butter,3.4,1.8
2014,023 Butter,2.5,3.4
2015,023 Butter,5.4,0.1
2016,023 Butter,6.3,0.2
2017,023 Butter,1.1,0.1
2018,023 Butter,5.3,0
2019,023 Butter,11.6,0
2020,023 Butter,6.6,0
2021,023 Butter,1.7,3.5
2022,023 Butter,2.5,0.3
2023,023 Butter,7.2,0
2024,023 Butter,4.5,0
2025,023 Butter,1.3,12
2006,024 Cheese & curd,6.3,0.2
2007,024 Cheese & curd,5.6,2.3
2008,024 Cheese & curd,3.5,8.7
2009,024 Cheese & curd,6.9,1.1
2010,024 Cheese & curd,2.3,5.7
2011,024 Cheese & curd,0.4,10.5
2012,024 Cheese & curd,0.8,14.1
2013,024 Cheese & curd,1.3,13.2
2014,024 Cheese & curd,1.6,18.4
2015,024 Cheese & curd,3.6,17
2016,024 Cheese & curd,4,15.1
2017,024 Cheese & curd,1.7,21.5
2018,024 Cheese & curd,1.1,20.2
2019,024 Cheese & curd,1.4,16.9
2020,024 Cheese & curd,1.6,20.7
2021,024 Cheese & curd,3.7,19.6
2022,024 Cheese & curd,1.4,24.6
2023,024 Cheese & curd,1.8,22
2024,024 Cheese & curd,1.3,18
2025,024 Cheese & curd,1.9,25.1
2006,025 Birds' eggs,25.4,5.5
2007,025 Birds' eggs,18.4,0.7
2008,025 Birds' eggs,19.4,6
2009,025 Birds' eggs,18.7,3.3
2010,025 Birds' eggs,0,8.5
2011,025 Birds' eggs,39.3,8.5
2012,025 Birds' eggs,28.7,18.9
2013,025 Birds' eggs,37.6,15.4
2014,025 Birds' eggs,56.2,18.5
2015,025 Birds' eggs,41.9,12.3
2016,025 Birds' eggs,25.5,4.1
2017,025 Birds' eggs,9.6,16.7
2018,025 Birds' eggs,9.6,10.8
2019,025 Birds' eggs,18.7,9.2
2020,025 Birds' eggs,12.8,13.2
2021,025 Birds' eggs,9.5,11
2022,025 Birds' eggs,6.8,5.1
2023,025 Birds' eggs,9.3,7
2024,025 Birds' eggs,19.5,10.4
2025,025 Birds' eggs,13,3.2
2006,"034 Fish, f.c.f.",5.6,1.2
2007,"034 Fish, f.c.f.",3,1.1
2008,"034 Fish, f.c.f.",3.5,1
2009,"034 Fish, f.c.f.",6.6,1.9
2010,"034 Fish, f.c.f.",4.5,1.4
2011,"034 Fish, f.c.f.",2.4,1
2012,"034 Fish, f.c.f.",1.9,0.9
2013,"034 Fish, f.c.f.",2.5,1.5
2014,"034 Fish, f.c.f.",3.8,1.4
2015,"034 Fish, f.c.f.",6,2.1
2016,"034 Fish, f.c.f.",9.2,2
2017,"034 Fish, f.c.f.",7.2,2.1
2018,"034 Fish, f.c.f.",5.4,3.5
2019,"034 Fish, f.c.f.",6,4
2020,"034 Fish, f.c.f.",11,4.9
2021,"034 Fish, f.c.f.",9.3,2.8
2022,"034 Fish, f.c.f.",10,3.2
2023,"034 Fish, f.c.f.",8,4.5
2024,"034 Fish, f.c.f.",13.2,3.2
2025,"034 Fish, f.c.f.",7.9,3.7
2006,"035 Fish, salted or dried",1.4,0
2007,"035 Fish, salted or dried",0,0
2008,"035 Fish, salted or dried",0,0.2
2009,"035 Fish, salted or dried",0,0
2010,"035 Fish, salted or dried",0,0.2
2011,"035 Fish, salted or dried",0,0.2
2012,"035 Fish, salted or dried",0,0.1
2013,"035 Fish, salted or dried",0,0
2014,"035 Fish, salted or dried",0,0
2015,"035 Fish, salted or dried",0,0
2016,"035 Fish, salted or dried",0.6,0.2
2017,"035 Fish, salted or dried",0,0.2
2018,"035 Fish, salted or dried",0,0
2019,"035 Fish, salted or dried",0,0.3
2020,"035 Fish, salted or dried",0,0
2021,"035 Fish, salted or dried",0,0
2022,"035 Fish, salted or dried",0,0
2023,"035 Fish, salted or dried",0,0
2024,"035 Fish, salted or dried",0,0.7
2025,"035 Fish, salted or dried",0.5,0
2006,"036 Crustaceans, f.c.f.",11.3,0.6
2007,"036 Crustaceans, f.c.f.",13.9,0.8
2008,"036 Crustaceans, f.c.f.",8.4,0.6
2009,"036 Crustaceans, f.c.f.",6.1,1.7
2010,"036 Crustaceans, f.c.f.",4.8,2.5
2011,"036 Crustaceans, f.c.f.",3.1,3.1
2012,"036 Crustaceans, f.c.f.",2.2,2.8
2013,"036 Crustaceans, f.c.f.",2,2
2014,"036 Crustaceans, f.c.f.",1.3,1.6
2015,"036 Crustaceans, f.c.f.",1.8,1.6
2016,"036 Crustaceans, f.c.f.",1.7,2.2
2017,"036 Crustaceans, f.c.f.",1.3,1.2
2018,"036 Crustaceans, f.c.f.",1.1,1.6
2019,"036 Crustaceans, f.c.f.",2,2.1
2020,"036 Crustaceans, f.c.f.",3.1,1.3
2021,"036 Crustaceans, f.c.f.",7.2,1
2022,"036 Crustaceans, f.c.f.",8.2,0.5
2023,"036 Crustaceans, f.c.f.",4.5,0.8
2024,"036 Crustaceans, f.c.f.",4.3,1.1
2025,"036 Crustaceans, f.c.f.",2.5,1.8
2006,"037 Seafood, prepared or preserved",4.5,6.5
2007,"037 Seafood, prepared or preserved",2.4,6.4
2008,"037 Seafood, prepared or preserved",2.2,5.6
2009,"037 Seafood, prepared or preserved",2.7,6
2010,"037 Seafood, prepared or preserved",1.5,4.9
2011,"037 Seafood, prepared or preserved",2.4,4.9
2012,"037 Seafood, prepared or preserved",3,5.4
2013,"037 Seafood, prepared or preserved",2.3,5.9
2014,"037 Seafood, prepared or preserved",2.7,5.2
2015,"037 Seafood, prepared or preserved",3.3,5.1
2016,"037 Seafood, prepared or preserved",1.7,4.4
2017,"037 Seafood, prepared or preserved",1.9,4.1
2018,"037 Seafood, prepared or preserved",4.1,4.9
2019,"037 Seafood, prepared or preserved",6.6,2.9
2020,"037 Seafood, prepared or preserved",5.3,3.6
2021,"037 Seafood, prepared or preserved",3.7,3.5
2022,"037 Seafood, prepared or preserved",3.4,3
2023,"037 Seafood, prepared or preserved",1.6,2.8
2024,"037 Seafood, prepared or preserved",3.8,1.6
2025,"037 Seafood, prepared or preserved",8.3,1.7
2006,041 Wheat,0,0
2007,041 Wheat,0,0
2008,041 Wheat,0,0
2009,041 Wheat,0,0
2010,041 Wheat,0,0
2011,041 Wheat,0,0
2012,041 Wheat,0,0
2013,041 Wheat,0,0
2014,041 Wheat,0,0.2
2015,041 Wheat,0,0
2016,041 Wheat,0,0
2017,041 Wheat,0,0
2018,041 Wheat,0,0.5
2019,041 Wheat,0,0
2020,041 Wheat,0,0
2021,041 Wheat,0,0
2022,041 Wheat,0,0
2023,041 Wheat,0,0
2024,041 Wheat,0,0
2025,041 Wheat,0,0
2006,042 Rice,0,3.5
2007,042 Rice,0,5.4
2008,042 Rice,0,9.8
2009,042 Rice,0.1,15.2
2010,042 Rice,0,11
2011,042 Rice,0,6.8
2012,042 Rice,0,7.2
2013,042 Rice,0,7.2
2014,042 Rice,0,6.8
2015,042 Rice,0,7.1
2016,042 Rice,0,6.5
2017,042 Rice,0,5.9
2018,042 Rice,0,5.5
2019,042 Rice,0,4.7
2020,042 Rice,0,3.7
2021,042 Rice,0,5.9
2022,042 Rice,0,2.8
2023,042 Rice,0,1.2
2024,042 Rice,0,0.8
2025,042 Rice,0,0.9
2006,043 Barley,0,0
2007,043 Barley,0,0
2008,043 Barley,0,0
2009,043 Barley,0,0
2010,043 Barley,0,0
2011,043 Barley,0,0
2012,043 Barley,0,0
2013,043 Barley,0,2.3
2014,043 Barley,0,0
2015,043 Barley,0,0
2016,043 Barley,0,19.2
2017,043 Barley,0,4.4
2018,043 Barley,0,1.4
2019,043 Barley,0,0.6
2020,043 Barley,0,0.4
2021,043 Barley,0,0
2022,043 Barley,0,0
2023,043 Barley,0,1.8
2024,043 Barley,0,0
2025,043 Barley,0,0
2006,044 Maize,0.1,14.4
2007,044 Maize,0,4.8
2008,044 Maize,0,18.1
2009,044 Maize,0,16.7
2010,044 Maize,0,20.5
2011,044 Maize,0,25.3
2012,044 Maize,0,19.2
2013,044 Maize,0,17.7
2014,044 Maize,0,12.2
2015,044 Maize,0,24.2
2016,044 Maize,0,44.2
2017,044 Maize,0,47.5
2018,044 Maize,0,25.5
2019,044 Maize,0,29.8
2020,044 Maize,0,49.1
2021,044 Maize,0,12.6
2022,044 Maize,0,52.3
2023,044 Maize,0,56.5
2024,044 Maize,0,47.6
2025,044 Maize,0,51.8
2006,045 Other cereals,0.1,8
2007,045 Other cereals,0.1,25.3
2008,045 Other cereals,0.8,10.4
2009,045 Other cereals,0,5.3
2010,045 Other cereals,0,2.6
2011,045 Other cereals,0.1,3.6
2012,045 Other cereals,0.2,3.6
2013,045 Other cereals,0.5,4
2014,045 Other cereals,0.8,7.1
2015,045 Other cereals,0,5.7
2016,045 Other cereals,0,6.4
2017,045 Other cereals,0,5.3
2018,045 Other cereals,0.1,7.8
2019,045 Other cereals,0.1,11.6
2020,045 Other cereals,0,16.5
2021,045 Other cereals,0,5.1
2022,045 Other cereals,0,7.3
2023,045 Other cereals,0,11.3
2024,045 Other cereals,0,5.5
2025,045 Other cereals,0,1.8
2006,046 Wheat flour,0.3,0.6
2007,046 Wheat flour,0,3.1
2008,046 Wheat flour,0,6.4
2009,046 Wheat flour,0.1,0.2
2010,046 Wheat flour,0.1,0.8
2011,046 Wheat flour,0,0.7
2012,046 Wheat flour,0,1.6
2013,046 Wheat flour,0.5,3.1
2014,046 Wheat flour,0.2,2.3
2015,046 Wheat flour,0.1,0.3
2016,046 Wheat flour,0.2,0.2
2017,046 Wheat flour,2.8,0.3
2018,046 Wheat flour,0.3,0.5
2019,046 Wheat flour,0.1,0.4
2020,046 Wheat flour,0,0.2
2021,046 Wheat flour,0,0.7
2022,046 Wheat flour,0.1,0.3
2023,046 Wheat flour,0,0.3
2024,046 Wheat flour,0,0.5
2025,046 Wheat flour,0,1
2006,047 Other cereal flours,0,34.4
2007,047 Other cereal flours,0,16.8
2008,047 Other cereal flours,0,25.7
2009,047 Other cereal flours,0.2,33.7
2010,047 Other cereal flours,0,30.9
2011,047 Other cereal flours,0,34.4
2012,047 Other cereal flours,0,32.1
2013,047 Other cereal flours,0,29
2014,047 Other cereal flours,0.5,31.4
2015,047 Other cereal flours,0,42.9
2016,047 Other cereal flours,0.1,37.9
2017,047 Other cereal flours,0,36.7
2018,047 Other cereal flours,0.2,34.1
2019,047 Other cereal flours,0.5,35.2
2020,047 Other cereal flours,0,38.3
2021,047 Other cereal flours,0,37.7
2022,047 Other cereal flours,0,44.8
2023,047 Other cereal flours,0,40.7
2024,047 Other cereal flours,0,38.8
2025,047 Other cereal flours,0.3,35.8
2006,048 Cereal preparations,1.8,3.7
2007,048 Cereal preparations,1.9,3.6
2008,048 Cereal preparations,1.6,4.5
2009,048 Cereal preparations,1.5,3.9
2010,048 Cereal preparations,1.1,4.2
2011,048 Cereal preparations,0.9,5.7
2012,048 Cereal preparations,1.1,6.9
2013,048 Cereal preparations,0.9,6.8
2014,048 Cereal preparations,1.1,7.6
2015,048 Cereal preparations,1.3,8.1
2016,048 Cereal preparations,1.8,6
2017,048 Cereal preparations,2.1,5
2018,048 Cereal preparations,2.4,4.7
2019,048 Cereal preparations,2.4,4.9
2020,048 Cereal preparations,1.6,5.1
2021,048 Cereal preparations,1.1,4.8
2022,048 Cereal preparations,1.1,5.6
2023,048 Cereal preparations,1.1,5.3
2024,048 Cereal preparations,1.8,5.1
2025,048 Cereal preparations,2,4.6
2006,"054 Vegetables, f.c.f.",0.6,6.4
2007,"054 Vegetables, f.c.f.",0.5,7.1
2008,"054 Vegetables, f.c.f.",1.2,8.6
2009,"054 Vegetables, f.c.f.",0.8,10.1
2010,"054 Vegetables, f.c.f.",0.8,8.8
2011,"054 Vegetables, f.c.f.",0.8,9.5
2012,"054 Vegetables, f.c.f.",0.5,7.9
2013,"054 Vegetables, f.c.f.",1,6.9
2014,"054 Vegetables, f.c.f.",1.2,6.9
2015,"054 Vegetables, f.c.f.",0.9,7.1
2016,"054 Vegetables, f.c.f.",0.8,7.1
2017,"054 Vegetables, f.c.f.",0.8,10.7
2018,"054 Vegetables, f.c.f.",1.9,10.8
2019,"054 Vegetables, f.c.f.",1.7,11.7
2020,"054 Vegetables, f.c.f.",1.8,11.2
2021,"054 Vegetables, f.c.f.",1.5,10.7
2022,"054 Vegetables, f.c.f.",0.8,13.6
2023,"054 Vegetables, f.c.f.",1.3,13.4
2024,"054 Vegetables, f.c.f.",0.4,7.7
2025,"054 Vegetables, f.c.f.",0.6,7.8
2006,"056 Vegetables, prepared or preserved",1.9,6.7
2007,"056 Vegetables, prepared or preserved",2.2,7.1
2008,"056 Vegetables, prepared or preserved",3,11.4
2009,"056 Vegetables, prepared or preserved",2.3,8.5
2010,"056 Vegetables, prepared or preserved",1.7,8.9
2011,"056 Vegetables, prepared or preserved",0.2,13.9
2012,"056 Vegetables, prepared or preserved",0.2,13.1
2013,"056 Vegetables, prepared or preserved",1.4,11.5
2014,"056 Vegetables, prepared or preserved",0.5,11
2015,"056 Vegetables, prepared or preserved",0.4,15.8
2016,"056 Vegetables, prepared or preserved",2.9,15.2
2017,"056 Vegetables, prepared or preserved",15,12.9
2018,"056 Vegetables, prepared or preserved",31.8,11.6
2019,"056 Vegetables, prepared or preserved",27.4,12.1
2020,"056 Vegetables, prepared or preserved",34.2,8.2
2021,"056 Vegetables, prepared or preserved",33.1,8.4
2022,"056 Vegetables, prepared or preserved",33.9,7.9
2023,"056 Vegetables, prepared or preserved",39.7,8.3
2024,"056 Vegetables, prepared or preserved",36.3,6.8
2025,"056 Vegetables, prepared or preserved",28.4,7.1
2006,057 Fruit & nuts,10,21.2
2007,057 Fruit & nuts,12.6,23.6
2008,057 Fruit & nuts,10.4,24.7
2009,057 Fruit & nuts,8.5,27.4
2010,057 Fruit & nuts,7.4,22.5
2011,057 Fruit & nuts,4.8,24.2
2012,057 Fruit & nuts,4.5,26.6
2013,057 Fruit & nuts,4.5,28.6
2014,057 Fruit & nuts,7.1,27.1
2015,057 Fruit & nuts,5.2,25.5
2016,057 Fruit & nuts,3.8,23.4
2017,057 Fruit & nuts,3.4,28.5
2018,057 Fruit & nuts,3.9,30.4
2019,057 Fruit & nuts,3,28.8
2020,057 Fruit & nuts,2.7,23.5
2021,057 Fruit & nuts,2.3,23.6
2022,057 Fruit & nuts,2,23.9
2023,057 Fruit & nuts,2.2,22.9
2024,057 Fruit & nuts,1.8,21.7
2025,057 Fruit & nuts,1.9,20.7
2006,"058 Fruit, prepared or preserved",12.5,11.9
2007,"058 Fruit, prepared or preserved",9.1,11.5
2008,"058 Fruit, prepared or preserved",1.9,10.8
2009,"058 Fruit, prepared or preserved",15,14
2010,"058 Fruit, prepared or preserved",5.5,12.1
2011,"058 Fruit, prepared or preserved",12.3,12.9
2012,"058 Fruit, prepared or preserved",13.8,13.4
2013,"058 Fruit, prepared or preserved",17.1,14.6
2014,"058 Fruit, prepared or preserved",11.4,15.7
2015,"058 Fruit, prepared or preserved",13.4,15
2016,"058 Fruit, prepared or preserved",11.7,14.6
2017,"058 Fruit, prepared or preserved",12.2,15.5
2018,"058 Fruit, prepared or preserved",9.4,17.9
2019,"058 Fruit, prepared or preserved",10.1,17.9
2020,"058 Fruit, prepared or preserved",11.8,14.6
2021,"058 Fruit, prepared or preserved",11.5,11.1
2022,"058 Fruit, prepared or preserved",10,9.8
2023,"058 Fruit, prepared or preserved",6.9,8.7
2024,"058 Fruit, prepared or preserved",7,8.6
2025,"058 Fruit, prepared or preserved",9.9,8.6
2006,059 Fruit juices,1.3,9.5
2007,059 Fruit juices,0.8,13.9
2008,059 Fruit juices,0.9,13.9
2009,059 Fruit juices,0.2,18.4
2010,059 Fruit juices,0.6,14.6
2011,059 Fruit juices,2.1,10.2
2012,059 Fruit juices,0.2,10.4
2013,059 Fruit juices,9.3,9.5
2014,059 Fruit juices,9.1,7.1
2015,059 Fruit juices,10.4,6.6
2016,059 Fruit juices,9.9,2.8
2017,059 Fruit juices,1.2,3.8
2018,059 Fruit juices,4.1,2.5
2019,059 Fruit juices,1.5,2.8
2020,059 Fruit juices,1.1,3.7
2021,059 Fruit juices,1.5,4.7
2022,059 Fruit juices,2.6,4.6
2023,059 Fruit juices,2.7,3.9
2024,059 Fruit juices,3.4,4.2
2025,059 Fruit juices,4.4,3.2
2006,"061 Sugars, molasses & honey",5,24.6
2007,"061 Sugars, molasses & honey",6.5,32.2
2008,"061 Sugars, molasses & honey",5.4,19.7
2009,"061 Sugars, molasses & honey",5.2,13
2010,"061 Sugars, molasses & honey",4.2,13.6
2011,"061 Sugars, molasses & honey",6.6,10.1
2012,"061 Sugars, molasses & honey",8.6,12.8
2013,"061 Sugars, molasses & honey",3.5,18.2
2014,"061 Sugars, molasses & honey",4.3,11.6
2015,"061 Sugars, molasses & honey",5.5,12.7
2016,"061 Sugars, molasses & honey",3.9,6.1
2017,"061 Sugars, molasses & honey",4.9,12.7
2018,"061 Sugars, molasses & honey",3.9,8.2
2019,"061 Sugars, molasses & honey",7.8,9
2020,"061 Sugars, molasses & honey",6.3,8.5
2021,"061 Sugars, molasses & honey",4.2,8.6
2022,"061 Sugars, molasses & honey",6.1,11
2023,"061 Sugars, molasses & honey",5.1,8.5
2024,"061 Sugars, molasses & honey",5.8,6.4
2025,"061 Sugars, molasses & honey",10,7.8
2006,062 Sugar confectionery,13.7,6.6
2007,062 Sugar confectionery,8.8,8.1
2008,062 Sugar confectionery,14.2,6
2009,062 Sugar confectionery,12.9,6.5
2010,062 Sugar confectionery,12.4,5.2
2011,062 Sugar confectionery,15.1,6
2012,062 Sugar confectionery,13.8,8.4
2013,062 Sugar confectionery,13.4,8.5
2014,062 Sugar confectionery,11.3,8.4
2015,062 Sugar confectionery,11.8,8.3
2016,062 Sugar confectionery,15.3,8.8
2017,062 Sugar confectionery,16.8,7.8
2018,062 Sugar confectionery,10,7.4
2019,062 Sugar confectionery,14.4,7.5
2020,062 Sugar confectionery,17.3,6.9
2021,062 Sugar confectionery,14.6,8.5
2022,062 Sugar confectionery,17.5,8.8
2023,062 Sugar confectionery,19.5,9.5
2024,062 Sugar confectionery,18.5,10.2
2025,062 Sugar confectionery,11.8,10.4
2006,071 Coffee & substitutes,1.3,0.9
2007,071 Coffee & substitutes,0.4,1.2
2008,071 Coffee & substitutes,0.6,1.4
2009,071 Coffee & substitutes,0.2,0.5
2010,071 Coffee & substitutes,0.1,0.7
2011,071 Coffee & substitutes,0.6,0.4
2012,071 Coffee & substitutes,0.5,0.5
2013,071 Coffee & substitutes,0.6,0.5
2014,071 Coffee & substitutes,0.8,0.4
2015,071 Coffee & substitutes,0.7,0.7
2016,071 Coffee & substitutes,1.2,0.5
2017,071 Coffee & substitutes,2.7,0.6
2018,071 Coffee & substitutes,2,0.6
2019,071 Coffee & substitutes,2.3,0.5
2020,071 Coffee & substitutes,2.1,0.5
2021,071 Coffee & substitutes,1.8,0.5
2022,071 Coffee & substitutes,1.8,0.5
2023,071 Coffee & substitutes,2.1,0.2
2024,071 Coffee & substitutes,2.3,0.2
2025,071 Coffee & substitutes,2.1,0.3
2006,072 Cocoa,0,0
2007,072 Cocoa,0,0.1
2008,072 Cocoa,0,0
2009,072 Cocoa,0,0
2010,072 Cocoa,0,0
2011,072 Cocoa,0,0.3
2012,072 Cocoa,0.1,0.1
2013,072 Cocoa,0,0.3
2014,072 Cocoa,0.7,0.2
2015,072 Cocoa,1.4,0.2
2016,072 Cocoa,0,0.2
2017,072 Cocoa,0.3,0.1
2018,072 Cocoa,0,0.1
2019,072 Cocoa,0.3,0.1
2020,072 Cocoa,0,0.1
2021,072 Cocoa,0.4,0.1
2022,072 Cocoa,1.3,0.2
2023,072 Cocoa,0.4,0.1
2024,072 Cocoa,0.7,0
2025,072 Cocoa,0,0
2006,073 Chocolate & preparations of cocoa,0.6,3.3
2007,073 Chocolate & preparations of cocoa,1,2.6
2008,073 Chocolate & preparations of cocoa,0.5,4.7
2009,073 Chocolate & preparations of cocoa,0.1,4.6
2010,073 Chocolate & preparations of cocoa,0.4,4.4
2011,073 Chocolate & preparations of cocoa,0.1,5.3
2012,073 Chocolate & preparations of cocoa,0.2,8.1
2013,073 Chocolate & preparations of cocoa,0.4,8
2014,073 Chocolate & preparations of cocoa,0.5,9.7
2015,073 Chocolate & preparations of cocoa,0.7,12.5
2016,073 Chocolate & preparations of cocoa,1.8,13.7
2017,073 Chocolate & preparations of cocoa,0.4,11.6
2018,073 Chocolate & preparations of cocoa,0.9,11.2
2019,073 Chocolate & preparations of cocoa,0.9,9.9
2020,073 Chocolate & preparations of cocoa,0.7,9
2021,073 Chocolate & preparations of cocoa,1,8.1
2022,073 Chocolate & preparations of cocoa,1,9.5
2023,073 Chocolate & preparations of cocoa,1.4,9.8
2024,073 Chocolate & preparations of cocoa,1.2,9.6
2025,073 Chocolate & preparations of cocoa,1.4,8.1
2006,074 Tea & mate,17.7,1.8
2007,074 Tea & mate,4.6,2.2
2008,074 Tea & mate,8.1,1.8
2009,074 Tea & mate,3.9,1.7
2010,074 Tea & mate,4.3,1.7
2011,074 Tea & mate,3,1.8
2012,074 Tea & mate,6.5,1.6
2013,074 Tea & mate,0.8,1.7
2014,074 Tea & mate,1.5,1.7
2015,074 Tea & mate,2.7,3.8
2016,074 Tea & mate,2.8,4.9
2017,074 Tea & mate,5.9,3.4
2018,074 Tea & mate,11.2,2.5
2019,074 Tea & mate,16,2
2020,074 Tea & mate,8.2,2.6
2021,074 Tea & mate,12.2,2.1
2022,074 Tea & mate,10.7,1.9
2023,074 Tea & mate,10.5,1.4
2024,074 Tea & mate,14,1.3
2025,074 Tea & mate,19.6,1.2
2006,075 Spices,7.7,1.4
2007,075 Spices,15,1.8
2008,075 Spices,10,1.5
2009,075 Spices,10.6,1.4
2010,075 Spices,3.3,1.3
2011,075 Spices,4.9,1.1
2012,075 Spices,6.2,1.1
2013,075 Spices,3.5,1
2014,075 Spices,4.6,0.9
2015,075 Spices,4.4,1.2
2016,075 Spices,2.2,1
2017,075 Spices,7,1.3
2018,075 Spices,15.8,1.1
2019,075 Spices,12.6,1.7
2020,075 Spices,19,2
2021,075 Spices,15.1,0.9
2022,075 Spices,18.5,1.4
2023,075 Spices,23.8,1
2024,075 Spices,17.6,0.9
2025,075 Spices,24,0.9
2006,081 Animal feed,1.2,28.1
2007,081 Animal feed,2.2,19.9
2008,081 Animal feed,2.1,22.4
2009,081 Animal feed,2.9,25.4
2010,081 Animal feed,2.1,35.1
2011,081 Animal feed,3.5,23.5
2012,081 Animal feed,2.6,19.8
2013,081 Animal feed,3.7,22
2014,081 Animal feed,4.1,15.6
2015,081 Animal feed,3,16.5
2016,081 Animal feed,3.4,16.1
2017,081 Animal feed,4.1,14.8
2018,081 Animal feed,6.7,14.5
2019,081 Animal feed,6.5,13.9
2020,081 Animal feed,4.2,16.7
2021,081 Animal feed,3.5,17
2022,081 Animal feed,5.2,15.1
2023,081 Animal feed,5.1,13.7
2024,081 Animal feed,3.6,16
2025,081 Animal feed,3.6,17.3
2006,091 Margarine,0,0.6
2007,091 Margarine,0,2.4
2008,091 Margarine,0,1.5
2009,091 Margarine,0.4,2.5
2010,091 Margarine,0.7,4.3
2011,091 Margarine,0.5,4.4
2012,091 Margarine,0.3,3.7
2013,091 Margarine,0.7,5.6
2014,091 Margarine,0.4,3.6
2015,091 Margarine,0.7,3.8
2016,091 Margarine,0.7,5.1
2017,091 Margarine,0.7,8.8
2018,091 Margarine,1,9.4
2019,091 Margarine,0.9,8.3
2020,091 Margarine,0.5,9.7
2021,091 Margarine,0.9,0.4
2022,091 Margarine,0.4,1.8
2023,091 Margarine,0.1,1.6
2024,091 Margarine,0.2,1.6
2025,091 Margarine,0.2,3.9
2006,"098 Edible products & preparations, nes",3.4,10.7
2007,"098 Edible products & preparations, nes",3,10.1
2008,"098 Edible products & preparations, nes",2.4,9.3
2009,"098 Edible products & preparations, nes",2,9.6
2010,"098 Edible products & preparations, nes",2.1,8.4
2011,"098 Edible products & preparations, nes",2.8,9.4
2012,"098 Edible products & preparations, nes",2.2,9.6
2013,"098 Edible products & preparations, nes",2.1,11.5
2014,"098 Edible products & preparations, nes",2.5,12.6
2015,"098 Edible products & preparations, nes",2.2,12.3
2016,"098 Edible products & preparations, nes",2.3,10.7
2017,"098 Edible products & preparations, nes",2.1,10.2
2018,"098 Edible products & preparations, nes",2.2,10.8
2019,"098 Edible products & preparations, nes",2.5,9.2
2020,"098 Edible products & preparations, nes",2.7,8.8
2021,"098 Edible products & preparations, nes",3.6,9.7
2022,"098 Edible products & preparations, nes",4.5,9.5
2023,"098 Edible products & preparations, nes",4.2,8.3
2024,"098 Edible products & preparations, nes",4.3,6.9
2025,"098 Edible products & preparations, nes",4.2,6.4
2006,"111 Non-alcoholic beverages, nes",1.1,1.8
2007,"111 Non-alcoholic beverages, nes",2.4,1
2008,"111 Non-alcoholic beverages, nes",2.2,5
2009,"111 Non-alcoholic beverages, nes",1.8,9.4
2010,"111 Non-alcoholic beverages, nes",2.6,6
2011,"111 Non-alcoholic beverages, nes",3.3,6.9
2012,"111 Non-alcoholic beverages, nes",7,6.5
2013,"111 Non-alcoholic beverages, nes",9.2,6.1
2014,"111 Non-alcoholic beverages, nes",14.3,7.7
2015,"111 Non-alcoholic beverages, nes",23.7,10.1
2016,"111 Non-alcoholic beverages, nes",21,11.3
2017,"111 Non-alcoholic beverages, nes",23.8,9.5
2018,"111 Non-alcoholic beverages, nes",23.9,9.3
2019,"111 Non-alcoholic beverages, nes",18.9,10.3
2020,"111 Non-alcoholic beverages, nes",24.3,12.2
2021,"111 Non-alcoholic beverages, nes",18.9,8.2
2022,"111 Non-alcoholic beverages, nes",15.5,9.5
2023,"111 Non-alcoholic beverages, nes",19.2,9.3
2024,"111 Non-alcoholic beverages, nes",14.5,9.9
2025,"111 Non-alcoholic beverages, nes",12.1,13.7
2006,112 Alcoholic beverages,29.7,16.5
2007,112 Alcoholic beverages,28.2,15.1
2008,112 Alcoholic beverages,26.3,13.8
2009,112 Alcoholic beverages,28.6,14.3
2010,112 Alcoholic beverages,26.7,12.2
2011,112 Alcoholic beverages,24.8,10.7
2012,112 Alcoholic beverages,23.6,11.7
2013,112 Alcoholic beverages,24.7,10.1
2014,112 Alcoholic beverages,22,9.6
2015,112 Alcoholic beverages,20.6,9.9
2016,112 Alcoholic beverages,19.1,8.9
2017,112 Alcoholic beverages,16.4,9.1
2018,112 Alcoholic beverages,13.8,7.7
2019,112 Alcoholic beverages,13,7.6
2020,112 Alcoholic beverages,14.5,8.9
2021,112 Alcoholic beverages,18.7,7.3
2022,112 Alcoholic beverages,18.6,9
2023,112 Alcoholic beverages,17.8,9.6
2024,112 Alcoholic beverages,12.4,9.6
2025,112 Alcoholic beverages,11.8,9.8
2006,"121 Tobacco, unmanufactured",0,21.5
2007,"121 Tobacco, unmanufactured",0,16.6
2008,"121 Tobacco, unmanufactured",0,9.6
2009,"121 Tobacco, unmanufactured",0,15.1
2010,"121 Tobacco, unmanufactured",0,11.9
2011,"121 Tobacco, unmanufactured",0,7.6
2012,"121 Tobacco, unmanufactured",0,14.1
2013,"121 Tobacco, unmanufactured",0,11.6
2014,"121 Tobacco, unmanufactured",0,5.9
2015,"121 Tobacco, unmanufactured",0,100
2016,"121 Tobacco, unmanufactured",0,
2019,"121 Tobacco, unmanufactured",0,
2020,"121 Tobacco, unmanufactured",0,100
2021,"121 Tobacco, unmanufactured",0,
2022,"121 Tobacco, unmanufactured",0,
2025,"121 Tobacco, unmanufactured",0,
2006,"122 Tobacco, manufactured",0.3,3.2
2007,"122 Tobacco, manufactured",0.2,2.7
2008,"122 Tobacco, manufactured",0.1,2.2
2009,"122 Tobacco, manufactured",0.1,2.1
2010,"122 Tobacco, manufactured",0.1,1.8
2011,"122 Tobacco, manufactured",0,1.7
2012,"122 Tobacco, manufactured",0.1,1.6
2013,"122 Tobacco, manufactured",0.1,2.1
2014,"122 Tobacco, manufactured",0.2,0.8
2015,"122 Tobacco, manufactured",0.3,0.4
2016,"122 Tobacco, manufactured",0.3,0
2017,"122 Tobacco, manufactured",0.4,0.2
2018,"122 Tobacco, manufactured",0.6,0.2
2019,"122 Tobacco, manufactured",0.8,0.1
2020,"122 Tobacco, manufactured",1.5,0.2
2021,"122 Tobacco, manufactured",0.8,0.2
2022,"122 Tobacco, manufactured",1.5,0.1
2023,"122 Tobacco, manufactured",1.5,0.1
2024,"122 Tobacco, manufactured",4,0.2
2025,"122 Tobacco, manufactured",1.5,0.2
2006,"211 Hides & skins, raw (excl furskins)",0.1,0.2
2007,"211 Hides & skins, raw (excl furskins)",0.1,0.2
2008,"211 Hides & skins, raw (excl furskins)",0.1,0
2009,"211 Hides & skins, raw (excl furskins)",0.1,1
2010,"211 Hides & skins, raw (excl furskins)",0,0.4
2011,"211 Hides & skins, raw (excl furskins)",0,0
2012,"211 Hides & skins, raw (excl furskins)",0,0
2013,"211 Hides & skins, raw (excl furskins)",0,0
2014,"211 Hides & skins, raw (excl furskins)",0.5,0
2015,"211 Hides & skins, raw (excl furskins)",0.5,0.1
2016,"211 Hides & skins, raw (excl furskins)",0.1,0
2017,"211 Hides & skins, raw (excl furskins)",0.2,0.1
2018,"211 Hides & skins, raw (excl furskins)",0,0
2019,"211 Hides & skins, raw (excl furskins)",0,0
2020,"211 Hides & skins, raw (excl furskins)",0,0.1
2021,"211 Hides & skins, raw (excl furskins)",0,0.7
2022,"211 Hides & skins, raw (excl furskins)",0,0
2023,"211 Hides & skins, raw (excl furskins)",0,0
2024,"211 Hides & skins, raw (excl furskins)",0,0
2025,"211 Hides & skins, raw (excl furskins)",0.1,0
2006,"212 Furskins, raw",0,0.6
2007,"212 Furskins, raw",0,0
2008,"212 Furskins, raw",2.7,0
2009,"212 Furskins, raw",0,0
2010,"212 Furskins, raw",0,0
2011,"212 Furskins, raw",0,0
2012,"212 Furskins, raw",0,0.7
2013,"212 Furskins, raw",0,0.1
2014,"212 Furskins, raw",0,0
2015,"212 Furskins, raw",0,0.4
2016,"212 Furskins, raw",0,0.1
2017,"212 Furskins, raw",0,0.3
2018,"212 Furskins, raw",0.1,0.3
2019,"212 Furskins, raw",0,0
2020,"212 Furskins, raw",0,0.1
2021,"212 Furskins, raw",,0.3
2022,"212 Furskins, raw",,0
2023,"212 Furskins, raw",0,0
2024,"212 Furskins, raw",0,0
2025,"212 Furskins, raw",0,36.2
2006,"222 Oil-seeds & oleaginous fruits, soft",0,1.1
2007,"222 Oil-seeds & oleaginous fruits, soft",0,1.3
2008,"222 Oil-seeds & oleaginous fruits, soft",0,0.2
2009,"222 Oil-seeds & oleaginous fruits, soft",1.3,5
2010,"222 Oil-seeds & oleaginous fruits, soft",0,4.5
2011,"222 Oil-seeds & oleaginous fruits, soft",1,1
2012,"222 Oil-seeds & oleaginous fruits, soft",2.3,2.7
2013,"222 Oil-seeds & oleaginous fruits, soft",2,1.9
2014,"222 Oil-seeds & oleaginous fruits, soft",3.3,1.2
2015,"222 Oil-seeds & oleaginous fruits, soft",0.1,2.8
2016,"222 Oil-seeds & oleaginous fruits, soft",1.5,0.8
2017,"222 Oil-seeds & oleaginous fruits, soft",0,0.8
2018,"222 Oil-seeds & oleaginous fruits, soft",0,6.2
2019,"222 Oil-seeds & oleaginous fruits, soft",0,4.4
2020,"222 Oil-seeds & oleaginous fruits, soft",0.1,2.8
2021,"222 Oil-seeds & oleaginous fruits, soft",0.4,4.8
2022,"222 Oil-seeds & oleaginous fruits, soft",0.8,10.5
2023,"222 Oil-seeds & oleaginous fruits, soft",0.5,5.8
2024,"222 Oil-seeds & oleaginous fruits, soft",0.6,10.6
2025,"222 Oil-seeds & oleaginous fruits, soft",0.7,2.9
2006,"223 Oil-seeds & oleaginous fruits, hard",28,50.6
2007,"223 Oil-seeds & oleaginous fruits, hard",34.7,0.7
2008,"223 Oil-seeds & oleaginous fruits, hard",32.4,2
2009,"223 Oil-seeds & oleaginous fruits, hard",24.7,0.1
2010,"223 Oil-seeds & oleaginous fruits, hard",13.4,1.8
2011,"223 Oil-seeds & oleaginous fruits, hard",15.2,2.8
2012,"223 Oil-seeds & oleaginous fruits, hard",26.3,11.6
2013,"223 Oil-seeds & oleaginous fruits, hard",22.7,5
2014,"223 Oil-seeds & oleaginous fruits, hard",21.1,1.7
2015,"223 Oil-seeds & oleaginous fruits, hard",39.5,0.5
2016,"223 Oil-seeds & oleaginous fruits, hard",11.1,0.9
2017,"223 Oil-seeds & oleaginous fruits, hard",10.3,2.4
2018,"223 Oil-seeds & oleaginous fruits, hard",7,1.7
2019,"223 Oil-seeds & oleaginous fruits, hard",3.8,9.4
2020,"223 Oil-seeds & oleaginous fruits, hard",15.8,7.1
2021,"223 Oil-seeds & oleaginous fruits, hard",5.4,5.1
2022,"223 Oil-seeds & oleaginous fruits, hard",4,4.2
2023,"223 Oil-seeds & oleaginous fruits, hard",3.7,6.3
2024,"223 Oil-seeds & oleaginous fruits, hard",22,5.9
2025,"223 Oil-seeds & oleaginous fruits, hard",18.1,2.6
2006,231 Natural rubber,1.4,0
2007,231 Natural rubber,2.5,0
2008,231 Natural rubber,0,0
2009,231 Natural rubber,0,0.1
2010,231 Natural rubber,1.8,0
2011,231 Natural rubber,2.4,0.2
2012,231 Natural rubber,0,0.2
2013,231 Natural rubber,0.3,1
2014,231 Natural rubber,0,0.2
2015,231 Natural rubber,0.2,0.3
2016,231 Natural rubber,0.3,0.2
2017,231 Natural rubber,13.6,0.2
2018,231 Natural rubber,0.3,0.3
2019,231 Natural rubber,0.4,0.3
2020,231 Natural rubber,1.9,0.5
2021,231 Natural rubber,1.9,0.3
2022,231 Natural rubber,0.4,1.3
2023,231 Natural rubber,2.4,0.6
2024,231 Natural rubber,0.7,1.3
2025,231 Natural rubber,1.1,2
2006,232 Synthetic rubber,4.3,17.1
2007,232 Synthetic rubber,0.7,19.9
2008,232 Synthetic rubber,1.4,18.2
2009,232 Synthetic rubber,0.8,10.4
2010,232 Synthetic rubber,1.1,9.7
2011,232 Synthetic rubber,0.8,8.6
2012,232 Synthetic rubber,2,7.7
2013,232 Synthetic rubber,0.4,10.1
2014,232 Synthetic rubber,1.2,9.2
2015,232 Synthetic rubber,1.3,11.7
2016,232 Synthetic rubber,2.8,10.6
2017,232 Synthetic rubber,6,8.4
2018,232 Synthetic rubber,0.2,9.2
2019,232 Synthetic rubber,0.9,8
2020,232 Synthetic rubber,0.5,6.5
2021,232 Synthetic rubber,0.3,9.3
2022,232 Synthetic rubber,3.3,5.3
2023,232 Synthetic rubber,16,5.5
2024,232 Synthetic rubber,0.2,3.3
2025,232 Synthetic rubber,0.4,4.3
2006,244 Cork,0,16.3
2007,244 Cork,0,2.9
2008,244 Cork,0,7.5
2009,244 Cork,0,4.4
2010,244 Cork,0,1.6
2011,244 Cork,0,8.8
2012,244 Cork,0,8.3
2013,244 Cork,0,7
2014,244 Cork,0,0.6
2015,244 Cork,0,2.4
2016,244 Cork,0,2.9
2017,244 Cork,0,3.7
2018,244 Cork,0,6.7
2019,244 Cork,0,2.2
2020,244 Cork,0,2.4
2021,244 Cork,0,3.2
2022,244 Cork,0,3.6
2023,244 Cork,3.1,2.4
2024,244 Cork,0,1.2
2025,244 Cork,0,1
2006,245 Fuel wood,0.8,5
2007,245 Fuel wood,0,2.8
2008,245 Fuel wood,13.6,3.4
2009,245 Fuel wood,2,1.7
2010,245 Fuel wood,0,3.1
2011,245 Fuel wood,0,1.2
2012,245 Fuel wood,0,7.7
2013,245 Fuel wood,0.1,2.6
2014,245 Fuel wood,0,1.5
2015,245 Fuel wood,0,2.5
2016,245 Fuel wood,0,4.6
2017,245 Fuel wood,0,1.9
2018,245 Fuel wood,0,3
2019,245 Fuel wood,0,2.9
2020,245 Fuel wood,0,2.6
2021,245 Fuel wood,0,2.6
2022,245 Fuel wood,0.2,0.9
2023,245 Fuel wood,1,0.9
2024,245 Fuel wood,0,0.8
2025,245 Fuel wood,0,0.8
2006,246 Wood in chips or particles,0,36.4
2007,246 Wood in chips or particles,0,35.5
2008,246 Wood in chips or particles,0,48.4
2009,246 Wood in chips or particles,0,42.7
2010,246 Wood in chips or particles,0,37.1
2011,246 Wood in chips or particles,0,29.9
2012,246 Wood in chips or particles,0.1,47
2013,246 Wood in chips or particles,0,33
2014,246 Wood in chips or particles,0,35.5
2015,246 Wood in chips or particles,0.1,42
2016,246 Wood in chips or particles,0,32.5
2017,246 Wood in chips or particles,0,32.4
2018,246 Wood in chips or particles,0,29.6
2019,246 Wood in chips or particles,0,39.6
2020,246 Wood in chips or particles,0,26.1
2021,246 Wood in chips or particles,0,30.6
2022,246 Wood in chips or particles,0,42.4
2023,246 Wood in chips or particles,0.1,36.2
2024,246 Wood in chips or particles,0.1,33.2
2025,246 Wood in chips or particles,0.1,38.7
2006,"247 Wood, rough",0.3,0
2007,"247 Wood, rough",0.3,7.3
2008,"247 Wood, rough",0.3,9.6
2009,"247 Wood, rough",0.1,8.1
2010,"247 Wood, rough",0.1,21.8
2011,"247 Wood, rough",0.1,41.6
2012,"247 Wood, rough",0.3,71.6
2013,"247 Wood, rough",0,50.7
2014,"247 Wood, rough",0,58.4
2015,"247 Wood, rough",0.1,4.5
2016,"247 Wood, rough",0.1,0.2
2017,"247 Wood, rough",0,2.7
2018,"247 Wood, rough",0,2.2
2019,"247 Wood, rough",0.1,0.2
2020,"247 Wood, rough",0,0.1
2021,"247 Wood, rough",0,0.5
2022,"247 Wood, rough",0,0.1
2023,"247 Wood, rough",0,0.1
2024,"247 Wood, rough",0,80
2025,"247 Wood, rough",0,41.6
2006,"248 Wood, simply worked",5.8,1.7
2007,"248 Wood, simply worked",4.5,1.5
2008,"248 Wood, simply worked",4.1,1.8
2009,"248 Wood, simply worked",2.3,2.1
2010,"248 Wood, simply worked",1.3,1.8
2011,"248 Wood, simply worked",3.2,2.8
2012,"248 Wood, simply worked",1.2,3.7
2013,"248 Wood, simply worked",1.1,2.7
2014,"248 Wood, simply worked",1.6,2.6
2015,"248 Wood, simply worked",1.8,2.5
2016,"248 Wood, simply worked",1.5,2.8
2017,"248 Wood, simply worked",3,2.5
2018,"248 Wood, simply worked",2.6,2.3
2019,"248 Wood, simply worked",3.1,3.2
2020,"248 Wood, simply worked",1.7,3.7
2021,"248 Wood, simply worked",2.9,3.1
2022,"248 Wood, simply worked",2.6,2.5
2023,"248 Wood, simply worked",2.6,3.7
2024,"248 Wood, simply worked",1.1,4.8
2025,"248 Wood, simply worked",1.2,4.6
2006,251 Pulp & waste paper,0,1.5
2007,251 Pulp & waste paper,0,1.7
2008,251 Pulp & waste paper,0,2.3
2009,251 Pulp & waste paper,0,5
2010,251 Pulp & waste paper,0,3.7
2011,251 Pulp & waste paper,0,4.4
2012,251 Pulp & waste paper,0,12.5
2013,251 Pulp & waste paper,0,17.3
2014,251 Pulp & waste paper,0,16
2015,251 Pulp & waste paper,0,12.3
2016,251 Pulp & waste paper,0.1,9.3
2017,251 Pulp & waste paper,0,9.1
2018,251 Pulp & waste paper,0,7.9
2019,251 Pulp & waste paper,0.1,11.1
2020,251 Pulp & waste paper,0.1,10.9
2021,251 Pulp & waste paper,0.2,8
2022,251 Pulp & waste paper,0,7.4
2023,251 Pulp & waste paper,0.1,10
2024,251 Pulp & waste paper,0,11.1
2025,251 Pulp & waste paper,0,7.8
2006,261 Silk,0,0.7
2007,261 Silk,0,0.8
2008,261 Silk,,0
2009,261 Silk,,0
2010,261 Silk,0.8,0
2011,261 Silk,66.7,0
2012,261 Silk,0,0
2013,261 Silk,0,0
2014,261 Silk,0,0
2015,261 Silk,,0
2016,261 Silk,0,0
2017,261 Silk,0,0
2018,261 Silk,0,35.7
2019,261 Silk,,0
2020,261 Silk,0,0
2021,261 Silk,,0
2022,261 Silk,0,0
2023,261 Silk,0,0
2024,261 Silk,0,6.9
2025,261 Silk,0,0
2006,263 Cotton,0,30.6
2007,263 Cotton,0,7.5
2008,263 Cotton,0,5.9
2009,263 Cotton,0,15.8
2010,263 Cotton,0,0
2011,263 Cotton,0,72.9
2012,263 Cotton,0,4.8
2013,263 Cotton,0,6.3
2014,263 Cotton,0,9
2015,263 Cotton,0,10.3
2016,263 Cotton,0,26
2017,263 Cotton,0,15.2
2018,263 Cotton,0,84.2
2019,263 Cotton,0,82.5
2020,263 Cotton,0,57.2
2021,263 Cotton,0,37.3
2022,263 Cotton,0,31.1
2023,263 Cotton,0,15.2
2024,263 Cotton,0,16
2025,263 Cotton,0,7.9
2006,264 Jute,0,0
2007,264 Jute,0,0
2008,264 Jute,0,0
2009,264 Jute,0,0
2010,264 Jute,0,0
2011,264 Jute,0,3.5
2012,264 Jute,0,6.6
2013,264 Jute,0,1.9
2014,264 Jute,0,0
2015,264 Jute,0,0
2016,264 Jute,47.3,0
2017,264 Jute,0,7.4
2018,264 Jute,0,84.8
2019,264 Jute,,75.8
2020,264 Jute,12.7,9.9
2021,264 Jute,,46.1
2022,264 Jute,0,57.3
2023,264 Jute,0,5.2
2024,264 Jute,,65.5
2025,264 Jute,97.8,2.7
2006,265 Other vegetable textile fibres,0,0
2007,265 Other vegetable textile fibres,0,0.6
2008,265 Other vegetable textile fibres,42.2,0.2
2009,265 Other vegetable textile fibres,0,0
2010,265 Other vegetable textile fibres,0,0.2
2011,265 Other vegetable textile fibres,0,0.1
2012,265 Other vegetable textile fibres,0,0.1
2013,265 Other vegetable textile fibres,0,0.5
2014,265 Other vegetable textile fibres,0,0
2015,265 Other vegetable textile fibres,0,0.1
2016,265 Other vegetable textile fibres,0,0
2017,265 Other vegetable textile fibres,0,0.2
2018,265 Other vegetable textile fibres,0,0
2019,265 Other vegetable textile fibres,18,0.2
2020,265 Other vegetable textile fibres,0,0.5
2021,265 Other vegetable textile fibres,18.2,0
2022,265 Other vegetable textile fibres,0,0.1
2023,265 Other vegetable textile fibres,0,0.1
2024,265 Other vegetable textile fibres,72.3,0.3
2025,265 Other vegetable textile fibres,0,0
2006,266 Synthetic fibres,2.1,4.1
2007,266 Synthetic fibres,0.3,1.9
2008,266 Synthetic fibres,9.8,3.4
2009,266 Synthetic fibres,3.9,2.2
2010,266 Synthetic fibres,0,2.9
2011,266 Synthetic fibres,5.6,1.7
2012,266 Synthetic fibres,0.1,1.6
2013,266 Synthetic fibres,0.1,1.7
2014,266 Synthetic fibres,0,1.2
2015,266 Synthetic fibres,0.2,2.3
2016,266 Synthetic fibres,0.2,1.3
2017,266 Synthetic fibres,0.1,2.4
2018,266 Synthetic fibres,0.4,1.7
2019,266 Synthetic fibres,0.5,1.2
2020,266 Synthetic fibres,3.5,2.6
2021,266 Synthetic fibres,0,1.8
2022,266 Synthetic fibres,3.2,1.5
2023,266 Synthetic fibres,3.5,1.9
2024,266 Synthetic fibres,8.1,3.1
2025,266 Synthetic fibres,10,2.2
2006,267 Other man-made fibres,0,15.8
2007,267 Other man-made fibres,0,14
2008,267 Other man-made fibres,0,12.5
2009,267 Other man-made fibres,0,10
2010,267 Other man-made fibres,0,18.2
2011,267 Other man-made fibres,4.6,23.7
2012,267 Other man-made fibres,0,16.5
2013,267 Other man-made fibres,8.9,17.5
2014,267 Other man-made fibres,0,2
2015,267 Other man-made fibres,10.7,0.1
2016,267 Other man-made fibres,23.6,0.2
2017,267 Other man-made fibres,0,0.2
2018,267 Other man-made fibres,0,0.3
2019,267 Other man-made fibres,0,0.3
2020,267 Other man-made fibres,0,0.1
2021,267 Other man-made fibres,0,0.9
2022,267 Other man-made fibres,0.5,0.9
2023,267 Other man-made fibres,1.7,1.4
2024,267 Other man-made fibres,27.6,0.8
2025,267 Other man-made fibres,0,0.4
2006,268 Wool & other animal hair (incl tops),0.9,0
2007,268 Wool & other animal hair (incl tops),0.5,0
2008,268 Wool & other animal hair (incl tops),0.4,0
2009,268 Wool & other animal hair (incl tops),0.5,0
2010,268 Wool & other animal hair (incl tops),0.6,0
2011,268 Wool & other animal hair (incl tops),0.5,0
2012,268 Wool & other animal hair (incl tops),0.3,0
2013,268 Wool & other animal hair (incl tops),0.3,0
2014,268 Wool & other animal hair (incl tops),0.3,0
2015,268 Wool & other animal hair (incl tops),0.4,0.3
2016,268 Wool & other animal hair (incl tops),0.3,0
2017,268 Wool & other animal hair (incl tops),0.1,0
2018,268 Wool & other animal hair (incl tops),0.2,0
2019,268 Wool & other animal hair (incl tops),0.2,0
2020,268 Wool & other animal hair (incl tops),0.2,0
2021,268 Wool & other animal hair (incl tops),0.1,0
2022,268 Wool & other animal hair (incl tops),0.2,0
2023,268 Wool & other animal hair (incl tops),0.1,0.1
2024,268 Wool & other animal hair (incl tops),0.1,0.6
2025,268 Wool & other animal hair (incl tops),0.1,0.8
2006,269 Worn clothing & rags,0.1,28
2007,269 Worn clothing & rags,0.1,17.1
2008,269 Worn clothing & rags,0.1,12.6
2009,269 Worn clothing & rags,0.1,13.8
2010,269 Worn clothing & rags,0.1,8.2
2011,269 Worn clothing & rags,0.5,9.3
2012,269 Worn clothing & rags,0,5.6
2013,269 Worn clothing & rags,0.7,2.5
2014,269 Worn clothing & rags,1.3,2.2
2015,269 Worn clothing & rags,0.1,4.3
2016,269 Worn clothing & rags,0.1,11.6
2017,269 Worn clothing & rags,0.3,9.6
2018,269 Worn clothing & rags,0.1,8.9
2019,269 Worn clothing & rags,0.1,9.6
2020,269 Worn clothing & rags,0.2,15.1
2021,269 Worn clothing & rags,0.6,11.1
2022,269 Worn clothing & rags,0.1,6.2
2023,269 Worn clothing & rags,0.3,4.3
2024,269 Worn clothing & rags,0.4,4.3
2025,269 Worn clothing & rags,0.3,4.7
2006,272 Crude fertilisers,3.1,3.8
2007,272 Crude fertilisers,0,2.7
2008,272 Crude fertilisers,0.9,0.6
2009,272 Crude fertilisers,0.7,6.8
2010,272 Crude fertilisers,0.5,2.9
2011,272 Crude fertilisers,1.3,1.8
2012,272 Crude fertilisers,8.4,2.3
2013,272 Crude fertilisers,5.5,7.9
2014,272 Crude fertilisers,3.7,2.7
2015,272 Crude fertilisers,4.9,2.6
2016,272 Crude fertilisers,13.1,2.8
2017,272 Crude fertilisers,21.6,3.2
2018,272 Crude fertilisers,21.1,3.2
2019,272 Crude fertilisers,4.8,3.7
2020,272 Crude fertilisers,30.5,5.8
2021,272 Crude fertilisers,9.3,2.8
2022,272 Crude fertilisers,11.2,2
2023,272 Crude fertilisers,2.5,2.9
2024,272 Crude fertilisers,3.9,2.6
2025,272 Crude fertilisers,2.1,2
2006,"273 Stone, sand & gravel",0.1,7.5
2007,"273 Stone, sand & gravel",0.1,10.4
2008,"273 Stone, sand & gravel",0,9.9
2009,"273 Stone, sand & gravel",0.2,9.1
2010,"273 Stone, sand & gravel",0.2,10.2
2011,"273 Stone, sand & gravel",0.1,19.1
2012,"273 Stone, sand & gravel",0.1,9.6
2013,"273 Stone, sand & gravel",0.6,13
2014,"273 Stone, sand & gravel",0.4,12.4
2015,"273 Stone, sand & gravel",0,14.4
2016,"273 Stone, sand & gravel",0.6,8.4
2017,"273 Stone, sand & gravel",0,6.3
2018,"273 Stone, sand & gravel",1,9
2019,"273 Stone, sand & gravel",1.4,9.6
2020,"273 Stone, sand & gravel",4.1,7.6
2021,"273 Stone, sand & gravel",1.1,7.7
2022,"273 Stone, sand & gravel",1,7.5
2023,"273 Stone, sand & gravel",0,6.1
2024,"273 Stone, sand & gravel",0,28.4
2025,"273 Stone, sand & gravel",0.1,6.6
2006,274 Sulphur & iron pyrites,0,0.1
2007,274 Sulphur & iron pyrites,0,0
2008,274 Sulphur & iron pyrites,0,0
2009,274 Sulphur & iron pyrites,0,0
2010,274 Sulphur & iron pyrites,0,0
2011,274 Sulphur & iron pyrites,0,9
2012,274 Sulphur & iron pyrites,1.4,0
2013,274 Sulphur & iron pyrites,0,0
2014,274 Sulphur & iron pyrites,0,0
2015,274 Sulphur & iron pyrites,0,0
2016,274 Sulphur & iron pyrites,0,0.1
2017,274 Sulphur & iron pyrites,0,0.1
2018,274 Sulphur & iron pyrites,0,0.1
2019,274 Sulphur & iron pyrites,0,0
2020,274 Sulphur & iron pyrites,0,0
2021,274 Sulphur & iron pyrites,0,0
2022,274 Sulphur & iron pyrites,0,0
2023,274 Sulphur & iron pyrites,0,0
2024,274 Sulphur & iron pyrites,0,0.1
2025,274 Sulphur & iron pyrites,0,0
2006,277 Natural abrasives,20,5.5
2007,277 Natural abrasives,15.2,5.5
2008,277 Natural abrasives,20.2,4.3
2009,277 Natural abrasives,23.1,3.3
2010,277 Natural abrasives,20,5.2
2011,277 Natural abrasives,27.8,6.6
2012,277 Natural abrasives,32.7,4.5
2013,277 Natural abrasives,31,4.7
2014,277 Natural abrasives,31.2,4.2
2015,277 Natural abrasives,41.6,4.3
2016,277 Natural abrasives,24,4
2017,277 Natural abrasives,5.4,4.2
2018,277 Natural abrasives,4.5,2.7
2019,277 Natural abrasives,3.8,5
2020,277 Natural abrasives,17.5,3.7
2021,277 Natural abrasives,6.7,4.1
2022,277 Natural abrasives,13.4,8.1
2023,277 Natural abrasives,16.4,3.6
2024,277 Natural abrasives,13.1,6
2025,277 Natural abrasives,10.5,4.9
2006,"278 Crude minerals, nes",3.1,27.3
2007,"278 Crude minerals, nes",1.9,23.7
2008,"278 Crude minerals, nes",4.5,19
2009,"278 Crude minerals, nes",5.5,19.2
2010,"278 Crude minerals, nes",11.5,16.9
2011,"278 Crude minerals, nes",8.6,15.8
2012,"278 Crude minerals, nes",4.3,14.6
2013,"278 Crude minerals, nes",4.9,17.4
2014,"278 Crude minerals, nes",2.3,15.1
2015,"278 Crude minerals, nes",4.6,17.9
2016,"278 Crude minerals, nes",2.9,16.5
2017,"278 Crude minerals, nes",0.7,17.8
2018,"278 Crude minerals, nes",1,14.8
2019,"278 Crude minerals, nes",1.7,15.7
2020,"278 Crude minerals, nes",1.7,19.5
2021,"278 Crude minerals, nes",0.8,18.4
2022,"278 Crude minerals, nes",0.5,14.7
2023,"278 Crude minerals, nes",0.1,10.7
2024,"278 Crude minerals, nes",0.3,11
2025,"278 Crude minerals, nes",0.2,10.7
2006,280 Confidential mineral ores,0,
2007,280 Confidential mineral ores,0,
2008,280 Confidential mineral ores,0,
2009,280 Confidential mineral ores,0,
2010,280 Confidential mineral ores,0,
2011,280 Confidential mineral ores,0,
2012,280 Confidential mineral ores,0,
2013,280 Confidential mineral ores,0,
2014,280 Confidential mineral ores,0,
2015,280 Confidential mineral ores,0,
2016,280 Confidential mineral ores,0,
2017,280 Confidential mineral ores,0,
2018,280 Confidential mineral ores,0,
2019,280 Confidential mineral ores,0,
2020,280 Confidential mineral ores,0,
2021,280 Confidential mineral ores,0,
2022,280 Confidential mineral ores,0,
2023,280 Confidential mineral ores,0,
2024,280 Confidential mineral ores,0,
2025,280 Confidential mineral ores,0,
2006,281 Iron ore & concentrates,0,0
2007,281 Iron ore & concentrates,0,0
2008,281 Iron ore & concentrates,0,0
2009,281 Iron ore & concentrates,0,0.1
2010,281 Iron ore & concentrates,0,0
2011,281 Iron ore & concentrates,0,0
2012,281 Iron ore & concentrates,0,0
2013,281 Iron ore & concentrates,0,0.1
2014,281 Iron ore & concentrates,0,0.1
2015,281 Iron ore & concentrates,0,0
2016,281 Iron ore & concentrates,0,0
2017,281 Iron ore & concentrates,0,13.6
2018,281 Iron ore & concentrates,0,0
2019,281 Iron ore & concentrates,0,0
2020,281 Iron ore & concentrates,0,0
2021,281 Iron ore & concentrates,0,0
2022,281 Iron ore & concentrates,0,0
2023,281 Iron ore & concentrates,0,0
2024,281 Iron ore & concentrates,0,0
2025,281 Iron ore & concentrates,0,0
2006,282 Ferrous waste & scrap,0.1,0
2007,282 Ferrous waste & scrap,0.1,0
2008,282 Ferrous waste & scrap,0.2,3.8
2009,282 Ferrous waste & scrap,0.9,3.1
2010,282 Ferrous waste & scrap,0.8,0.9
2011,282 Ferrous waste & scrap,0.1,0.1
2012,282 Ferrous waste & scrap,0.2,0.2
2013,282 Ferrous waste & scrap,0.3,1
2014,282 Ferrous waste & scrap,0.1,0.1
2015,282 Ferrous waste & scrap,0,2.7
2016,282 Ferrous waste & scrap,0.1,0.4
2017,282 Ferrous waste & scrap,0.1,1
2018,282 Ferrous waste & scrap,0,0.8
2019,282 Ferrous waste & scrap,0.1,2.9
2020,282 Ferrous waste & scrap,0,26.4
2021,282 Ferrous waste & scrap,0,32.9
2022,282 Ferrous waste & scrap,0.1,37.6
2023,282 Ferrous waste & scrap,0.1,2.8
2024,282 Ferrous waste & scrap,0,5.4
2025,282 Ferrous waste & scrap,0,0.1
2006,283 Copper ores & concentrates,0,14.5
2007,283 Copper ores & concentrates,0,0
2008,283 Copper ores & concentrates,0,0.1
2009,283 Copper ores & concentrates,0,0
2010,283 Copper ores & concentrates,0,0.7
2011,283 Copper ores & concentrates,0,0
2012,283 Copper ores & concentrates,0,0
2013,283 Copper ores & concentrates,0,0
2014,283 Copper ores & concentrates,0,0
2015,283 Copper ores & concentrates,0,0
2016,283 Copper ores & concentrates,0,0
2017,283 Copper ores & concentrates,0,0
2018,283 Copper ores & concentrates,0,0
2019,283 Copper ores & concentrates,0,0
2020,283 Copper ores & concentrates,0,0
2021,283 Copper ores & concentrates,0,0
2022,283 Copper ores & concentrates,0,0
2023,283 Copper ores & concentrates,0,0
2024,283 Copper ores & concentrates,0,0
2025,283 Copper ores & concentrates,0,0
2006,284 Nickel ores & concentrates,0.2,0
2007,284 Nickel ores & concentrates,0.2,0.1
2008,284 Nickel ores & concentrates,1.4,0
2009,284 Nickel ores & concentrates,1.2,0
2010,284 Nickel ores & concentrates,0.1,0
2011,284 Nickel ores & concentrates,0.2,0
2012,284 Nickel ores & concentrates,1.1,0
2013,284 Nickel ores & concentrates,1.6,0
2014,284 Nickel ores & concentrates,1.7,0
2015,284 Nickel ores & concentrates,3,0
2016,284 Nickel ores & concentrates,1.5,0
2017,284 Nickel ores & concentrates,0,0
2018,284 Nickel ores & concentrates,0.3,0.1
2019,284 Nickel ores & concentrates,0,2.8
2020,284 Nickel ores & concentrates,0,0
2021,284 Nickel ores & concentrates,0,0.9
2022,284 Nickel ores & concentrates,0,0.6
2023,284 Nickel ores & concentrates,100,0.8
2024,284 Nickel ores & concentrates,0,0.8
2025,284 Nickel ores & concentrates,0,0.6
2006,285 Aluminium ores & conc (incl alumina),0.3,17.5
2007,285 Aluminium ores & conc (incl alumina),0.2,9.6
2008,285 Aluminium ores & conc (incl alumina),0.1,7
2009,285 Aluminium ores & conc (incl alumina),0,12.9
2010,285 Aluminium ores & conc (incl alumina),0.1,5.8
2011,285 Aluminium ores & conc (incl alumina),0.1,10.6
2012,285 Aluminium ores & conc (incl alumina),0.1,28
2013,285 Aluminium ores & conc (incl alumina),0.1,21.2
2014,285 Aluminium ores & conc (incl alumina),0.1,26.5
2015,285 Aluminium ores & conc (incl alumina),0.1,14.8
2016,285 Aluminium ores & conc (incl alumina),0.1,13.9
2017,285 Aluminium ores & conc (incl alumina),0.1,7.7
2018,285 Aluminium ores & conc (incl alumina),0,13.4
2019,285 Aluminium ores & conc (incl alumina),0.1,17.7
2020,285 Aluminium ores & conc (incl alumina),0.1,11.9
2021,285 Aluminium ores & conc (incl alumina),0.1,3.4
2022,285 Aluminium ores & conc (incl alumina),1.1,5.8
2023,285 Aluminium ores & conc (incl alumina),0.1,7.5
2024,285 Aluminium ores & conc (incl alumina),0.4,0.8
2025,285 Aluminium ores & conc (incl alumina),0.3,0.2
2006,286 Uranium or thorium ores & conc,0,0
2007,286 Uranium or thorium ores & conc,0,0
2008,286 Uranium or thorium ores & conc,0,0
2009,286 Uranium or thorium ores & conc,0,0
2010,286 Uranium or thorium ores & conc,,0
2012,286 Uranium or thorium ores & conc,,14.5
2013,286 Uranium or thorium ores & conc,0,
2014,286 Uranium or thorium ores & conc,0,0
2015,286 Uranium or thorium ores & conc,0,0
2016,286 Uranium or thorium ores & conc,0,
2017,286 Uranium or thorium ores & conc,0,
2018,286 Uranium or thorium ores & conc,,100
2020,286 Uranium or thorium ores & conc,,100
2021,286 Uranium or thorium ores & conc,,0
2025,286 Uranium or thorium ores & conc,,0
2006,287 Other ores & concentrates,0.5,66.2
2007,287 Other ores & concentrates,0.4,47.6
2008,287 Other ores & concentrates,1.7,17.5
2009,287 Other ores & concentrates,1,14.9
2010,287 Other ores & concentrates,0.6,22.4
2011,287 Other ores & concentrates,0.6,13.5
2012,287 Other ores & concentrates,0.1,17.4
2013,287 Other ores & concentrates,1,23.2
2014,287 Other ores & concentrates,0.6,28.9
2015,287 Other ores & concentrates,0.8,21
2016,287 Other ores & concentrates,0.6,19
2017,287 Other ores & concentrates,1,22.4
2018,287 Other ores & concentrates,0.1,23
2019,287 Other ores & concentrates,0.3,40.2
2020,287 Other ores & concentrates,0.1,31.5
2021,287 Other ores & concentrates,0.1,27.7
2022,287 Other ores & concentrates,0.1,9.9
2023,287 Other ores & concentrates,0,28.3
2024,287 Other ores & concentrates,0.4,26.5
2025,287 Other ores & concentrates,0.1,14.5
2006,288 Non-ferrous waste & scrap,0.9,2.1
2007,288 Non-ferrous waste & scrap,0.8,0.2
2008,288 Non-ferrous waste & scrap,0.1,0.7
2009,288 Non-ferrous waste & scrap,0.1,2
2010,288 Non-ferrous waste & scrap,0.4,0.8
2011,288 Non-ferrous waste & scrap,1,0.7
2012,288 Non-ferrous waste & scrap,0,0.6
2013,288 Non-ferrous waste & scrap,0,0.7
2014,288 Non-ferrous waste & scrap,0,0.5
2015,288 Non-ferrous waste & scrap,0.1,1.1
2016,288 Non-ferrous waste & scrap,0.4,2.7
2017,288 Non-ferrous waste & scrap,0.8,2.2
2018,288 Non-ferrous waste & scrap,0.6,1.4
2019,288 Non-ferrous waste & scrap,0.2,0
2020,288 Non-ferrous waste & scrap,0.2,6.2
2021,288 Non-ferrous waste & scrap,0,5.3
2022,288 Non-ferrous waste & scrap,1.1,2.3
2023,288 Non-ferrous waste & scrap,0,0
2024,288 Non-ferrous waste & scrap,0,1
2025,288 Non-ferrous waste & scrap,0.1,11.8
2006,289 Precious metal ores & conc (excl gold),0.7,20.5
2007,289 Precious metal ores & conc (excl gold),0.1,45.9
2008,289 Precious metal ores & conc (excl gold),3.7,47
2009,289 Precious metal ores & conc (excl gold),0.2,43.5
2010,289 Precious metal ores & conc (excl gold),0,49.7
2011,289 Precious metal ores & conc (excl gold),1,60
2012,289 Precious metal ores & conc (excl gold),0.5,61.7
2013,289 Precious metal ores & conc (excl gold),0.7,46.8
2014,289 Precious metal ores & conc (excl gold),0.8,0.2
2015,289 Precious metal ores & conc (excl gold),0.1,0.2
2016,289 Precious metal ores & conc (excl gold),1.2,0.4
2017,289 Precious metal ores & conc (excl gold),0.1,0.2
2018,289 Precious metal ores & conc (excl gold),0.3,0
2019,289 Precious metal ores & conc (excl gold),0.8,6.7
2020,289 Precious metal ores & conc (excl gold),1.2,4
2021,289 Precious metal ores & conc (excl gold),1.3,0.1
2022,289 Precious metal ores & conc (excl gold),0.7,0
2023,289 Precious metal ores & conc (excl gold),0.2,0
2024,289 Precious metal ores & conc (excl gold),0.2,9.4
2025,289 Precious metal ores & conc (excl gold),0.1,0.3
2006,"291 Crude animal matter, nes",12.2,40.3
2007,"291 Crude animal matter, nes",22.5,46.9
2008,"291 Crude animal matter, nes",17.8,45.4
2009,"291 Crude animal matter, nes",14.2,39.5
2010,"291 Crude animal matter, nes",3.9,34.4
2011,"291 Crude animal matter, nes",4.8,36.6
2012,"291 Crude animal matter, nes",4.6,34.8
2013,"291 Crude animal matter, nes",8.9,31.2
2014,"291 Crude animal matter, nes",16.5,28.9
2015,"291 Crude animal matter, nes",18.2,31.2
2016,"291 Crude animal matter, nes",17,26.7
2017,"291 Crude animal matter, nes",17.5,28.5
2018,"291 Crude animal matter, nes",18.5,34.2
2019,"291 Crude animal matter, nes",21.5,29.3
2020,"291 Crude animal matter, nes",25.3,36.7
2021,"291 Crude animal matter, nes",23.1,33.1
2022,"291 Crude animal matter, nes",32.4,40.9
2023,"291 Crude animal matter, nes",24.6,32.8
2024,"291 Crude animal matter, nes",27.7,32.4
2025,"291 Crude animal matter, nes",25.2,40.3
2006,"292 Crude vegetable matter, nes",18.4,17.3
2007,"292 Crude vegetable matter, nes",15.7,14.4
2008,"292 Crude vegetable matter, nes",18.1,14.2
2009,"292 Crude vegetable matter, nes",9.8,15.3
2010,"292 Crude vegetable matter, nes",8.7,13.8
2011,"292 Crude vegetable matter, nes",7.5,12.6
2012,"292 Crude vegetable matter, nes",8.2,10.1
2013,"292 Crude vegetable matter, nes",12.7,11.6
2014,"292 Crude vegetable matter, nes",12,12.2
2015,"292 Crude vegetable matter, nes",13.2,9.3
2016,"292 Crude vegetable matter, nes",10.1,11.3
2017,"292 Crude vegetable matter, nes",12.3,8.8
2018,"292 Crude vegetable matter, nes",12,8.9
2019,"292 Crude vegetable matter, nes",14.3,8.4
2020,"292 Crude vegetable matter, nes",15.1,7.9
2021,"292 Crude vegetable matter, nes",17.1,6.9
2022,"292 Crude vegetable matter, nes",14.8,6.2
2023,"292 Crude vegetable matter, nes",16.7,5.3
2024,"292 Crude vegetable matter, nes",15.3,3.4
2025,"292 Crude vegetable matter, nes",11.6,5.1
2006,321 Coal,0.1,0.2
2007,321 Coal,0,0.1
2008,321 Coal,0,0
2009,321 Coal,0,0.3
2010,321 Coal,0.1,0.5
2011,321 Coal,0,0.1
2012,321 Coal,0,4.6
2013,321 Coal,0,0.7
2014,321 Coal,0,0
2015,321 Coal,0,0.8
2016,321 Coal,0.2,0.6
2017,321 Coal,0,19
2018,321 Coal,0,0.9
2019,321 Coal,0,0.1
2020,321 Coal,0,0.1
2021,321 Coal,0,0.1
2022,321 Coal,0,0
2023,321 Coal,0,0
2024,321 Coal,0,0.1
2025,321 Coal,0,0
2006,"322 Briquettes, lignite & peat",0,4.1
2007,"322 Briquettes, lignite & peat",0,2.7
2008,"322 Briquettes, lignite & peat",0,4.4
2009,"322 Briquettes, lignite & peat",0,0.5
2010,"322 Briquettes, lignite & peat",0.1,0.4
2011,"322 Briquettes, lignite & peat",0,0.5
2012,"322 Briquettes, lignite & peat",0.1,0.2
2013,"322 Briquettes, lignite & peat",0.1,0.3
2014,"322 Briquettes, lignite & peat",0,1.2
2015,"322 Briquettes, lignite & peat",0,2.2
2016,"322 Briquettes, lignite & peat",0,1.6
2017,"322 Briquettes, lignite & peat",0,3
2018,"322 Briquettes, lignite & peat",0,2.2
2019,"322 Briquettes, lignite & peat",0,3.8
2020,"322 Briquettes, lignite & peat",0,2.5
2021,"322 Briquettes, lignite & peat",0,3.4
2022,"322 Briquettes, lignite & peat",0,3.1
2023,"322 Briquettes, lignite & peat",0,2.8
2024,"322 Briquettes, lignite & peat",0,2.8
2025,"322 Briquettes, lignite & peat",0,2.2
2006,325 Coke & semi-coke,0,0
2007,325 Coke & semi-coke,9.2,2.2
2008,325 Coke & semi-coke,0,0.3
2009,325 Coke & semi-coke,0,0.1
2010,325 Coke & semi-coke,0,0
2011,325 Coke & semi-coke,11.5,0
2012,325 Coke & semi-coke,0,0
2013,325 Coke & semi-coke,0,0.1
2014,325 Coke & semi-coke,0,0.1
2015,325 Coke & semi-coke,0,0.2
2016,325 Coke & semi-coke,,0
2017,325 Coke & semi-coke,,0.1
2018,325 Coke & semi-coke,,0.2
2019,325 Coke & semi-coke,0,0.2
2020,325 Coke & semi-coke,0,0.2
2021,325 Coke & semi-coke,,0.2
2022,325 Coke & semi-coke,,0.1
2023,325 Coke & semi-coke,0,0
2024,325 Coke & semi-coke,0,0
2025,325 Coke & semi-coke,0,0.1
2006,333 Crude petroleum,1.5,0
2007,333 Crude petroleum,2.9,0
2008,333 Crude petroleum,12.5,0
2009,333 Crude petroleum,3,0
2010,333 Crude petroleum,2.4,0
2011,333 Crude petroleum,2.2,0
2012,333 Crude petroleum,2.2,0
2013,333 Crude petroleum,0,0
2014,333 Crude petroleum,0.6,0
2015,333 Crude petroleum,4.4,0
2016,333 Crude petroleum,1.7,0.7
2017,333 Crude petroleum,0.9,0.5
2018,333 Crude petroleum,0,1.3
2019,333 Crude petroleum,0,11.3
2020,333 Crude petroleum,0,13.8
2021,333 Crude petroleum,0,6
2022,333 Crude petroleum,0.9,13.5
2023,333 Crude petroleum,1.1,15.9
2024,333 Crude petroleum,0,16.6
2025,333 Crude petroleum,0,20.2
2006,334 Refined petroleum,0.7,0.7
2007,334 Refined petroleum,0.1,0.8
2008,334 Refined petroleum,0,0.8
2009,334 Refined petroleum,0,0.9
2010,334 Refined petroleum,0.5,0.8
2011,334 Refined petroleum,0,0.9
2012,334 Refined petroleum,0,0.7
2013,334 Refined petroleum,0.7,0.6
2014,334 Refined petroleum,0,0.5
2015,334 Refined petroleum,0,0.6
2016,334 Refined petroleum,0,0.8
2017,334 Refined petroleum,0,0.5
2018,334 Refined petroleum,0,0.9
2019,334 Refined petroleum,0.1,1.5
2020,334 Refined petroleum,0.1,1.5
2021,334 Refined petroleum,0,0.2
2022,334 Refined petroleum,0,0.1
2023,334 Refined petroleum,0,0.1
2024,334 Refined petroleum,0,0.4
2025,334 Refined petroleum,0,0.1
2006,"335 Residual petroleum products, nes",0.5,48.7
2007,"335 Residual petroleum products, nes",0.6,37.1
2008,"335 Residual petroleum products, nes",0.3,39.9
2009,"335 Residual petroleum products, nes",0.7,44.7
2010,"335 Residual petroleum products, nes",0.3,38.7
2011,"335 Residual petroleum products, nes",0.4,44.4
2012,"335 Residual petroleum products, nes",0.5,27.9
2013,"335 Residual petroleum products, nes",0.3,22.3
2014,"335 Residual petroleum products, nes",0.3,27.8
2015,"335 Residual petroleum products, nes",1.9,31.5
2016,"335 Residual petroleum products, nes",0.7,32.6
2017,"335 Residual petroleum products, nes",0,22.7
2018,"335 Residual petroleum products, nes",0,28.7
2019,"335 Residual petroleum products, nes",1.8,25.3
2020,"335 Residual petroleum products, nes",0.2,23.5
2021,"335 Residual petroleum products, nes",0,23.2
2022,"335 Residual petroleum products, nes",0.2,24.6
2023,"335 Residual petroleum products, nes",0.2,25.2
2024,"335 Residual petroleum products, nes",0.1,21.7
2025,"335 Residual petroleum products, nes",0.2,19.2
2006,342 Liquefied propane & butane,3.5,5.7
2007,342 Liquefied propane & butane,0,0.2
2008,342 Liquefied propane & butane,0,0.2
2009,342 Liquefied propane & butane,0,7.5
2010,342 Liquefied propane & butane,0,0.1
2011,342 Liquefied propane & butane,0,0.1
2012,342 Liquefied propane & butane,0,0.2
2013,342 Liquefied propane & butane,0,0.1
2014,342 Liquefied propane & butane,0,22.6
2015,342 Liquefied propane & butane,0,0.2
2016,342 Liquefied propane & butane,0.8,38.2
2017,342 Liquefied propane & butane,0,70.2
2018,342 Liquefied propane & butane,0,81.3
2019,342 Liquefied propane & butane,0,82.1
2020,342 Liquefied propane & butane,0,89
2021,342 Liquefied propane & butane,0,92.6
2022,342 Liquefied propane & butane,0,90.1
2023,342 Liquefied propane & butane,0,93.4
2024,342 Liquefied propane & butane,0,90.9
2025,342 Liquefied propane & butane,0,87.2
2006,343 Natural gas,0,0
2007,343 Natural gas,0,0
2008,343 Natural gas,0,0
2009,343 Natural gas,0,0
2010,343 Natural gas,0,0
2011,343 Natural gas,0,0
2012,343 Natural gas,0,0
2013,343 Natural gas,0,0
2014,343 Natural gas,0,0
2015,343 Natural gas,0,0
2016,343 Natural gas,0,35.7
2017,343 Natural gas,0,6.6
2018,343 Natural gas,0,0
2019,343 Natural gas,0,100
2020,343 Natural gas,0,0
2021,343 Natural gas,0,2
2022,343 Natural gas,0,16.7
2023,343 Natural gas,0,21.2
2024,343 Natural gas,0,57.7
2025,343 Natural gas,0,
2006,344 Petroleum gases,0,28.4
2007,344 Petroleum gases,0.3,57.7
2008,344 Petroleum gases,0,35.3
2009,344 Petroleum gases,0,58.8
2010,344 Petroleum gases,0,33.5
2011,344 Petroleum gases,0,22.2
2012,344 Petroleum gases,11.7,29.2
2013,344 Petroleum gases,0,48.4
2014,344 Petroleum gases,10.1,53.6
2015,344 Petroleum gases,1.4,45.4
2016,344 Petroleum gases,0,39.3
2017,344 Petroleum gases,0,32.4
2018,344 Petroleum gases,1.8,38.2
2019,344 Petroleum gases,0,28.8
2020,344 Petroleum gases,0.2,32.6
2021,344 Petroleum gases,0,26.3
2022,344 Petroleum gases,0,31.6
2023,344 Petroleum gases,0,22
2024,344 Petroleum gases,0.8,16.1
2025,344 Petroleum gases,0,15.8
2006,"345 Coal gas, water gas & similar gases",3.6,
2007,"345 Coal gas, water gas & similar gases",0,
2008,"345 Coal gas, water gas & similar gases",0,
2009,"345 Coal gas, water gas & similar gases",0,
2010,"345 Coal gas, water gas & similar gases",0,
2011,"345 Coal gas, water gas & similar gases",0,21.5
2012,"345 Coal gas, water gas & similar gases",0,0
2013,"345 Coal gas, water gas & similar gases",0,0
2014,"345 Coal gas, water gas & similar gases",0,
2015,"345 Coal gas, water gas & similar gases",0,
2016,"345 Coal gas, water gas & similar gases",0,
2017,"345 Coal gas, water gas & similar gases",0,
2018,"345 Coal gas, water gas & similar gases",0,
2019,"345 Coal gas, water gas & similar gases",0,
2020,"345 Coal gas, water gas & similar gases",0,
2021,"345 Coal gas, water gas & similar gases",0,
2022,"345 Coal gas, water gas & similar gases",0,
2023,"345 Coal gas, water gas & similar gases",0,
2024,"345 Coal gas, water gas & similar gases",0,
2025,"345 Coal gas, water gas & similar gases",0,
2006,411 Animal oils & fats,0.1,8.8
2007,411 Animal oils & fats,0.1,2.9
2008,411 Animal oils & fats,0.2,2.9
2009,411 Animal oils & fats,0.2,5.9
2010,411 Animal oils & fats,0.1,1.8
2011,411 Animal oils & fats,0.2,1.3
2012,411 Animal oils & fats,0.2,1.8
2013,411 Animal oils & fats,0.1,1.8
2014,411 Animal oils & fats,0.1,0.7
2015,411 Animal oils & fats,0.1,2.6
2016,411 Animal oils & fats,0.4,2.1
2017,411 Animal oils & fats,4.7,6.3
2018,411 Animal oils & fats,2.4,7.4
2019,411 Animal oils & fats,7.4,7.4
2020,411 Animal oils & fats,5.6,7.9
2021,411 Animal oils & fats,25.1,7.7
2022,411 Animal oils & fats,50.5,6.8
2023,411 Animal oils & fats,54.1,5.2
2024,411 Animal oils & fats,39.4,1.3
2025,411 Animal oils & fats,62.1,5.2
2006,"421 Fixed vegetable oils & fats, soft",23,0.2
2007,"421 Fixed vegetable oils & fats, soft",12.6,2.7
2008,"421 Fixed vegetable oils & fats, soft",8,1.4
2009,"421 Fixed vegetable oils & fats, soft",11.3,3.1
2010,"421 Fixed vegetable oils & fats, soft",4.6,0.1
2011,"421 Fixed vegetable oils & fats, soft",4.5,0.4
2012,"421 Fixed vegetable oils & fats, soft",3.5,0.6
2013,"421 Fixed vegetable oils & fats, soft",10.7,0.5
2014,"421 Fixed vegetable oils & fats, soft",10.8,1.1
2015,"421 Fixed vegetable oils & fats, soft",6.7,1.5
2016,"421 Fixed vegetable oils & fats, soft",1,0.9
2017,"421 Fixed vegetable oils & fats, soft",3.2,1.3
2018,"421 Fixed vegetable oils & fats, soft",1.7,2.5
2019,"421 Fixed vegetable oils & fats, soft",3.3,4.6
2020,"421 Fixed vegetable oils & fats, soft",1.1,3
2021,"421 Fixed vegetable oils & fats, soft",1.1,0.7
2022,"421 Fixed vegetable oils & fats, soft",9.6,0.5
2023,"421 Fixed vegetable oils & fats, soft",11.7,0.2
2024,"421 Fixed vegetable oils & fats, soft",9.4,0.2
2025,"421 Fixed vegetable oils & fats, soft",10.4,1.1
2006,"422 Fixed vegetable oils & fats, hard",7.7,1.4
2007,"422 Fixed vegetable oils & fats, hard",2.1,1.5
2008,"422 Fixed vegetable oils & fats, hard",4.2,0.6
2009,"422 Fixed vegetable oils & fats, hard",14.9,0.6
2010,"422 Fixed vegetable oils & fats, hard",18.7,0.7
2011,"422 Fixed vegetable oils & fats, hard",26.9,0.6
2012,"422 Fixed vegetable oils & fats, hard",18.3,0.6
2013,"422 Fixed vegetable oils & fats, hard",17.6,0.5
2014,"422 Fixed vegetable oils & fats, hard",2.8,0.4
2015,"422 Fixed vegetable oils & fats, hard",1.5,0.6
2016,"422 Fixed vegetable oils & fats, hard",2.2,1.4
2017,"422 Fixed vegetable oils & fats, hard",6,0.9
2018,"422 Fixed vegetable oils & fats, hard",46.9,2
2019,"422 Fixed vegetable oils & fats, hard",10.8,1.6
2020,"422 Fixed vegetable oils & fats, hard",11.7,1.4
2021,"422 Fixed vegetable oils & fats, hard",10.7,0.7
2022,"422 Fixed vegetable oils & fats, hard",3.7,0.8
2023,"422 Fixed vegetable oils & fats, hard",8.6,1.7
2024,"422 Fixed vegetable oils & fats, hard",15.4,1.8
2025,"422 Fixed vegetable oils & fats, hard",4.9,0.6
2006,"431 Other animal or veg oils, fats & waxes",9.7,31.8
2007,"431 Other animal or veg oils, fats & waxes",7.6,17.1
2008,"431 Other animal or veg oils, fats & waxes",7,17.3
2009,"431 Other animal or veg oils, fats & waxes",8.3,23.8
2010,"431 Other animal or veg oils, fats & waxes",2.8,19.4
2011,"431 Other animal or veg oils, fats & waxes",6,27.2
2012,"431 Other animal or veg oils, fats & waxes",6,48.8
2013,"431 Other animal or veg oils, fats & waxes",3.6,32.5
2014,"431 Other animal or veg oils, fats & waxes",4.1,26.9
2015,"431 Other animal or veg oils, fats & waxes",9.7,28.6
2016,"431 Other animal or veg oils, fats & waxes",5.9,26
2017,"431 Other animal or veg oils, fats & waxes",6.4,35
2018,"431 Other animal or veg oils, fats & waxes",10.5,18.3
2019,"431 Other animal or veg oils, fats & waxes",8.6,24.5
2020,"431 Other animal or veg oils, fats & waxes",0.4,16.3
2021,"431 Other animal or veg oils, fats & waxes",18.6,13.9
2022,"431 Other animal or veg oils, fats & waxes",43.5,11.3
2023,"431 Other animal or veg oils, fats & waxes",47.4,7.4
2024,"431 Other animal or veg oils, fats & waxes",31.5,7.5
2025,"431 Other animal or veg oils, fats & waxes",63.1,7.6
2006,511 Hydrocarbons & derivatives,25.4,21.9
2007,511 Hydrocarbons & derivatives,0.4,27.2
2008,511 Hydrocarbons & derivatives,13.4,21.7
2009,511 Hydrocarbons & derivatives,32.1,6.6
2010,511 Hydrocarbons & derivatives,1.3,5.4
2011,511 Hydrocarbons & derivatives,6.1,8.7
2012,511 Hydrocarbons & derivatives,10.5,6.3
2013,511 Hydrocarbons & derivatives,0,7
2014,511 Hydrocarbons & derivatives,27.5,11.1
2015,511 Hydrocarbons & derivatives,0.8,19
2016,511 Hydrocarbons & derivatives,6.6,12.3
2017,511 Hydrocarbons & derivatives,36.8,11.5
2018,511 Hydrocarbons & derivatives,8.8,13.3
2019,511 Hydrocarbons & derivatives,2.7,16.5
2020,511 Hydrocarbons & derivatives,17.1,24.8
2021,511 Hydrocarbons & derivatives,1.3,9.8
2022,511 Hydrocarbons & derivatives,2,9.8
2023,511 Hydrocarbons & derivatives,1.6,4.6
2024,511 Hydrocarbons & derivatives,0.2,11
2025,511 Hydrocarbons & derivatives,9.2,10.8
2006,"512 Alcohols, phenols & derivatives",3,27.7
2007,"512 Alcohols, phenols & derivatives",1.8,22.6
2008,"512 Alcohols, phenols & derivatives",0.9,21.8
2009,"512 Alcohols, phenols & derivatives",1.1,31.5
2010,"512 Alcohols, phenols & derivatives",1.2,28.8
2011,"512 Alcohols, phenols & derivatives",0.9,26.1
2012,"512 Alcohols, phenols & derivatives",1,23.3
2013,"512 Alcohols, phenols & derivatives",0.5,19.2
2014,"512 Alcohols, phenols & derivatives",2,20
2015,"512 Alcohols, phenols & derivatives",2,21
2016,"512 Alcohols, phenols & derivatives",2,18.4
2017,"512 Alcohols, phenols & derivatives",1.4,22.8
2018,"512 Alcohols, phenols & derivatives",6.2,21.4
2019,"512 Alcohols, phenols & derivatives",2.4,28.2
2020,"512 Alcohols, phenols & derivatives",1.3,19.3
2021,"512 Alcohols, phenols & derivatives",3.5,13.8
2022,"512 Alcohols, phenols & derivatives",5.2,16.5
2023,"512 Alcohols, phenols & derivatives",6.3,20.5
2024,"512 Alcohols, phenols & derivatives",3.3,13
2025,"512 Alcohols, phenols & derivatives",1.9,7.3
2006,513 Carboxylic acids & derivatives,64.7,8
2007,513 Carboxylic acids & derivatives,66.5,6.2
2008,513 Carboxylic acids & derivatives,63,5.8
2009,513 Carboxylic acids & derivatives,58.8,8.5
2010,513 Carboxylic acids & derivatives,65.2,9.2
2011,513 Carboxylic acids & derivatives,66.2,8.8
2012,513 Carboxylic acids & derivatives,59.7,8.5
2013,513 Carboxylic acids & derivatives,50.4,8.8
2014,513 Carboxylic acids & derivatives,49.2,9.1
2015,513 Carboxylic acids & derivatives,67.3,8.2
2016,513 Carboxylic acids & derivatives,43.2,7.9
2017,513 Carboxylic acids & derivatives,33.4,5.1
2018,513 Carboxylic acids & derivatives,29.8,4.8
2019,513 Carboxylic acids & derivatives,25.3,5.5
2020,513 Carboxylic acids & derivatives,34.5,4.9
2021,513 Carboxylic acids & derivatives,12,5.1
2022,513 Carboxylic acids & derivatives,9,5.4
2023,513 Carboxylic acids & derivatives,11.9,5.5
2024,513 Carboxylic acids & derivatives,24.4,6.3
2025,513 Carboxylic acids & derivatives,60.8,5.4
2006,514 Nitrogen-function compounds,7.4,17.4
2007,514 Nitrogen-function compounds,0.2,16.4
2008,514 Nitrogen-function compounds,0,16.7
2009,514 Nitrogen-function compounds,3.3,19.5
2010,514 Nitrogen-function compounds,1.4,17.9
2011,514 Nitrogen-function compounds,5.5,17.1
2012,514 Nitrogen-function compounds,3.9,15
2013,514 Nitrogen-function compounds,4.3,14.1
2014,514 Nitrogen-function compounds,1.5,14.1
2015,514 Nitrogen-function compounds,0.1,13.3
2016,514 Nitrogen-function compounds,0.4,12.3
2017,514 Nitrogen-function compounds,1.2,11.4
2018,514 Nitrogen-function compounds,3.4,9.8
2019,514 Nitrogen-function compounds,9.4,8.2
2020,514 Nitrogen-function compounds,6.6,7.6
2021,514 Nitrogen-function compounds,0.2,7.1
2022,514 Nitrogen-function compounds,4,7.7
2023,514 Nitrogen-function compounds,14.2,8.1
2024,514 Nitrogen-function compounds,5.3,8.4
2025,514 Nitrogen-function compounds,20.5,8.9
2006,515 Organo-inorganic compounds,2,51.1
2007,515 Organo-inorganic compounds,31.8,29.5
2008,515 Organo-inorganic compounds,2.6,16.7
2009,515 Organo-inorganic compounds,8.6,11.7
2010,515 Organo-inorganic compounds,20.6,9.6
2011,515 Organo-inorganic compounds,9.7,7
2012,515 Organo-inorganic compounds,12.8,6.6
2013,515 Organo-inorganic compounds,15,7.9
2014,515 Organo-inorganic compounds,6.2,4.9
2015,515 Organo-inorganic compounds,31.4,4.4
2016,515 Organo-inorganic compounds,30.3,6
2017,515 Organo-inorganic compounds,6.6,8.3
2018,515 Organo-inorganic compounds,5,7.6
2019,515 Organo-inorganic compounds,26.3,6.6
2020,515 Organo-inorganic compounds,25.8,7.2
2021,515 Organo-inorganic compounds,13.2,5.8
2022,515 Organo-inorganic compounds,12.3,5.1
2023,515 Organo-inorganic compounds,5.9,6.3
2024,515 Organo-inorganic compounds,5.6,6.6
2025,515 Organo-inorganic compounds,9.7,8.2
2006,516 Other organic chemicals,1.6,15.6
2007,516 Other organic chemicals,4.1,13.9
2008,516 Other organic chemicals,3.3,9.6
2009,516 Other organic chemicals,2.2,12.7
2010,516 Other organic chemicals,4.3,13.6
2011,516 Other organic chemicals,0.9,10.6
2012,516 Other organic chemicals,2.6,9.3
2013,516 Other organic chemicals,1.4,9.4
2014,516 Other organic chemicals,2.9,9.2
2015,516 Other organic chemicals,3.5,15
2016,516 Other organic chemicals,1.9,14.1
2017,516 Other organic chemicals,2,11.7
2018,516 Other organic chemicals,10.8,12.9
2019,516 Other organic chemicals,24.1,15.2
2020,516 Other organic chemicals,9.1,19.9
2021,516 Other organic chemicals,6.1,14.5
2022,516 Other organic chemicals,13.1,14.4
2023,516 Other organic chemicals,20.9,8.8
2024,516 Other organic chemicals,17.4,13.1
2025,516 Other organic chemicals,23,13.2
2006,522 Inorganic chemical elements,17.2,2.7
2007,522 Inorganic chemical elements,13.2,3.3
2008,522 Inorganic chemical elements,15,1.9
2009,522 Inorganic chemical elements,14,2.4
2010,522 Inorganic chemical elements,8.5,2.8
2011,522 Inorganic chemical elements,10.9,1.3
2012,522 Inorganic chemical elements,9.7,1.4
2013,522 Inorganic chemical elements,7.6,1.7
2014,522 Inorganic chemical elements,9.2,2
2015,522 Inorganic chemical elements,11.9,2.1
2016,522 Inorganic chemical elements,11.1,1.9
2017,522 Inorganic chemical elements,11.3,2.2
2018,522 Inorganic chemical elements,5.3,9
2019,522 Inorganic chemical elements,6.9,6.6
2020,522 Inorganic chemical elements,9.2,6.1
2021,522 Inorganic chemical elements,6.2,7.8
2022,522 Inorganic chemical elements,3,10.5
2023,522 Inorganic chemical elements,3.7,9.3
2024,522 Inorganic chemical elements,12.3,6.9
2025,522 Inorganic chemical elements,8.3,5.9
2006,523 Salts of inorganic acids & metals,1.8,14.3
2007,523 Salts of inorganic acids & metals,2.8,17.1
2008,523 Salts of inorganic acids & metals,3.4,16.6
2009,523 Salts of inorganic acids & metals,12.1,18.9
2010,523 Salts of inorganic acids & metals,11.2,14.2
2011,523 Salts of inorganic acids & metals,5.8,16.8
2012,523 Salts of inorganic acids & metals,15.9,18
2013,523 Salts of inorganic acids & metals,15.2,20.9
2014,523 Salts of inorganic acids & metals,12.6,24.9
2015,523 Salts of inorganic acids & metals,14.6,20.1
2016,523 Salts of inorganic acids & metals,14.7,25.9
2017,523 Salts of inorganic acids & metals,12.4,22.5
2018,523 Salts of inorganic acids & metals,16.8,17.1
2019,523 Salts of inorganic acids & metals,22.9,17.6
2020,523 Salts of inorganic acids & metals,23.7,18.3
2021,523 Salts of inorganic acids & metals,30.5,14.1
2022,523 Salts of inorganic acids & metals,26,15.6
2023,523 Salts of inorganic acids & metals,26.3,19.1
2024,523 Salts of inorganic acids & metals,25.4,13.8
2025,523 Salts of inorganic acids & metals,30.3,10.6
2006,524 Other inorganic chemicals,8.5,36
2007,524 Other inorganic chemicals,12.3,33.4
2008,524 Other inorganic chemicals,5.7,24.3
2009,524 Other inorganic chemicals,15.9,5
2010,524 Other inorganic chemicals,10.7,11.1
2011,524 Other inorganic chemicals,4.3,16.9
2012,524 Other inorganic chemicals,15.7,8.9
2013,524 Other inorganic chemicals,1.9,11.1
2014,524 Other inorganic chemicals,4,13.6
2015,524 Other inorganic chemicals,5.4,9.9
2016,524 Other inorganic chemicals,2,5.2
2017,524 Other inorganic chemicals,3.9,13.8
2018,524 Other inorganic chemicals,0.2,4
2019,524 Other inorganic chemicals,5.9,5
2020,524 Other inorganic chemicals,4.9,10
2021,524 Other inorganic chemicals,1.3,4.8
2022,524 Other inorganic chemicals,5,7
2023,524 Other inorganic chemicals,2.1,9.4
2024,524 Other inorganic chemicals,0.2,9.2
2025,524 Other inorganic chemicals,0.3,13.2
2006,525 Radioactive materials,22,41.8
2007,525 Radioactive materials,19.2,25.9
2008,525 Radioactive materials,7.6,24.9
2009,525 Radioactive materials,4.2,32.3
2010,525 Radioactive materials,1.5,33.2
2011,525 Radioactive materials,8,26.4
2012,525 Radioactive materials,5.8,30.2
2013,525 Radioactive materials,24.8,35.2
2014,525 Radioactive materials,32.7,36.9
2015,525 Radioactive materials,33.5,21.5
2016,525 Radioactive materials,44.7,23.9
2017,525 Radioactive materials,51,16.1
2018,525 Radioactive materials,61.8,38.5
2019,525 Radioactive materials,48,24.6
2020,525 Radioactive materials,26.1,25.4
2021,525 Radioactive materials,47.8,28.4
2022,525 Radioactive materials,51.2,26.2
2023,525 Radioactive materials,51.5,29.9
2024,525 Radioactive materials,33.6,41.3
2025,525 Radioactive materials,49.5,31.8
2006,531 Synthetic organic colouring,3.5,7.8
2007,531 Synthetic organic colouring,2,8.5
2008,531 Synthetic organic colouring,1.4,8.7
2009,531 Synthetic organic colouring,4.2,7.3
2010,531 Synthetic organic colouring,0.2,6.8
2011,531 Synthetic organic colouring,1.4,6.3
2012,531 Synthetic organic colouring,3.7,7.6
2013,531 Synthetic organic colouring,1.8,9.9
2014,531 Synthetic organic colouring,2.8,8.4
2015,531 Synthetic organic colouring,3.3,9.7
2016,531 Synthetic organic colouring,2.5,8.2
2017,531 Synthetic organic colouring,4.2,8.3
2018,531 Synthetic organic colouring,8.7,9.2
2019,531 Synthetic organic colouring,5.4,9.2
2020,531 Synthetic organic colouring,11.5,10.6
2021,531 Synthetic organic colouring,8.4,10.8
2022,531 Synthetic organic colouring,8.9,11
2023,531 Synthetic organic colouring,7.8,14.2
2024,531 Synthetic organic colouring,6,14.6
2025,531 Synthetic organic colouring,7.7,16.9
2006,532 Dyeing & tanning extracts,8.9,5.9
2007,532 Dyeing & tanning extracts,20.4,6.6
2008,532 Dyeing & tanning extracts,2.9,4.3
2009,532 Dyeing & tanning extracts,2.1,5
2010,532 Dyeing & tanning extracts,1.7,3.8
2011,532 Dyeing & tanning extracts,2.7,3.9
2012,532 Dyeing & tanning extracts,5.5,5.3
2013,532 Dyeing & tanning extracts,3.4,6.5
2014,532 Dyeing & tanning extracts,0.2,6.8
2015,532 Dyeing & tanning extracts,1.8,5.4
2016,532 Dyeing & tanning extracts,2.8,11
2017,532 Dyeing & tanning extracts,5.3,13.5
2018,532 Dyeing & tanning extracts,3.5,13.5
2019,532 Dyeing & tanning extracts,14.1,14.7
2020,532 Dyeing & tanning extracts,35.1,15.3
2021,532 Dyeing & tanning extracts,9.1,17.8
2022,532 Dyeing & tanning extracts,6.8,17.6
2023,532 Dyeing & tanning extracts,5.3,11.2
2024,532 Dyeing & tanning extracts,13.8,15.4
2025,532 Dyeing & tanning extracts,14.3,18.5
2006,"533 Pigments, paints & varnishes",3.5,16
2007,"533 Pigments, paints & varnishes",2,15
2008,"533 Pigments, paints & varnishes",1.6,14.1
2009,"533 Pigments, paints & varnishes",1.8,14.4
2010,"533 Pigments, paints & varnishes",1.8,13.7
2011,"533 Pigments, paints & varnishes",1.8,11.8
2012,"533 Pigments, paints & varnishes",1.9,13.7
2013,"533 Pigments, paints & varnishes",3,18.4
2014,"533 Pigments, paints & varnishes",2.9,18.7
2015,"533 Pigments, paints & varnishes",4.5,20.4
2016,"533 Pigments, paints & varnishes",2.9,17.5
2017,"533 Pigments, paints & varnishes",1.5,17.7
2018,"533 Pigments, paints & varnishes",1.6,16.5
2019,"533 Pigments, paints & varnishes",3.6,16
2020,"533 Pigments, paints & varnishes",5.8,13.7
2021,"533 Pigments, paints & varnishes",6.3,10.8
2022,"533 Pigments, paints & varnishes",6.8,11
2023,"533 Pigments, paints & varnishes",3.8,11.5
2024,"533 Pigments, paints & varnishes",4.2,11.6
2025,"533 Pigments, paints & varnishes",3.6,11.1
2006,541 Pharm products (excl medicaments),12.7,29.5
2007,541 Pharm products (excl medicaments),6.9,32.8
2008,541 Pharm products (excl medicaments),7.3,24.8
2009,541 Pharm products (excl medicaments),7,24.2
2010,541 Pharm products (excl medicaments),11.4,23
2011,541 Pharm products (excl medicaments),11.8,22.2
2012,541 Pharm products (excl medicaments),10.7,18.4
2013,541 Pharm products (excl medicaments),12.7,21.5
2014,541 Pharm products (excl medicaments),17.6,15.6
2015,541 Pharm products (excl medicaments),17.8,18.3
2016,541 Pharm products (excl medicaments),47.3,19.1
2017,541 Pharm products (excl medicaments),54.6,22.9
2018,541 Pharm products (excl medicaments),46.2,24.2
2019,541 Pharm products (excl medicaments),44.4,29.3
2020,541 Pharm products (excl medicaments),47,26.8
2021,541 Pharm products (excl medicaments),46.5,19
2022,541 Pharm products (excl medicaments),45.9,19.6
2023,541 Pharm products (excl medicaments),50.5,24.1
2024,541 Pharm products (excl medicaments),58.8,29.5
2025,541 Pharm products (excl medicaments),59.9,26.8
2006,542 Medicaments (incl veterinary),3,12.5
2007,542 Medicaments (incl veterinary),3.2,13.2
2008,542 Medicaments (incl veterinary),7,11.4
2009,542 Medicaments (incl veterinary),5.6,11.5
2010,542 Medicaments (incl veterinary),8.6,11.5
2011,542 Medicaments (incl veterinary),5.9,10.7
2012,542 Medicaments (incl veterinary),4.6,12.9
2013,542 Medicaments (incl veterinary),5.9,11.6
2014,542 Medicaments (incl veterinary),5.6,11.8
2015,542 Medicaments (incl veterinary),8.7,11.5
2016,542 Medicaments (incl veterinary),7.9,10.4
2017,542 Medicaments (incl veterinary),5.9,12.5
2018,542 Medicaments (incl veterinary),6.7,14.1
2019,542 Medicaments (incl veterinary),6.3,14.8
2020,542 Medicaments (incl veterinary),6,13.6
2021,542 Medicaments (incl veterinary),8.9,13.3
2022,542 Medicaments (incl veterinary),8.7,17.2
2023,542 Medicaments (incl veterinary),7.5,15.3
2024,542 Medicaments (incl veterinary),6.4,13.6
2025,542 Medicaments (incl veterinary),7.5,11.1
2006,551 Essential oils & perfumes,11.8,13.9
2007,551 Essential oils & perfumes,11.3,16.9
2008,551 Essential oils & perfumes,14.5,18.4
2009,551 Essential oils & perfumes,11.5,19.6
2010,551 Essential oils & perfumes,12.4,16.3
2011,551 Essential oils & perfumes,9.5,35
2012,551 Essential oils & perfumes,13.8,45.9
2013,551 Essential oils & perfumes,13.3,42.6
2014,551 Essential oils & perfumes,16.7,10.5
2015,551 Essential oils & perfumes,21.3,14.4
2016,551 Essential oils & perfumes,20.5,17.8
2017,551 Essential oils & perfumes,29.6,22.6
2018,551 Essential oils & perfumes,27.5,21.2
2019,551 Essential oils & perfumes,20.7,21.9
2020,551 Essential oils & perfumes,26.4,18.8
2021,551 Essential oils & perfumes,21.5,18
2022,551 Essential oils & perfumes,15.5,14.5
2023,551 Essential oils & perfumes,12.6,12.7
2024,551 Essential oils & perfumes,14.3,11.7
2025,551 Essential oils & perfumes,9.6,10.7
2006,553 Perfumery & cosmetics (excl soap),9.7,31.7
2007,553 Perfumery & cosmetics (excl soap),9.1,28.7
2008,553 Perfumery & cosmetics (excl soap),6.5,29.2
2009,553 Perfumery & cosmetics (excl soap),5.7,29.5
2010,553 Perfumery & cosmetics (excl soap),6.3,28.5
2011,553 Perfumery & cosmetics (excl soap),6,28.9
2012,553 Perfumery & cosmetics (excl soap),6.1,27.9
2013,553 Perfumery & cosmetics (excl soap),6.6,28.3
2014,553 Perfumery & cosmetics (excl soap),6,29
2015,553 Perfumery & cosmetics (excl soap),6.5,31.2
2016,553 Perfumery & cosmetics (excl soap),6.6,29.4
2017,553 Perfumery & cosmetics (excl soap),7.3,27.8
2018,553 Perfumery & cosmetics (excl soap),9.2,25.2
2019,553 Perfumery & cosmetics (excl soap),9.9,24.8
2020,553 Perfumery & cosmetics (excl soap),8.2,24.9
2021,553 Perfumery & cosmetics (excl soap),10.3,24.7
2022,553 Perfumery & cosmetics (excl soap),9.1,25.1
2023,553 Perfumery & cosmetics (excl soap),8.8,23.9
2024,553 Perfumery & cosmetics (excl soap),12,22
2025,553 Perfumery & cosmetics (excl soap),11.7,19.4
2006,554 Soap & cleansers,3.2,15
2007,554 Soap & cleansers,2.9,13.9
2008,554 Soap & cleansers,3.5,13.7
2009,554 Soap & cleansers,3.4,16.4
2010,554 Soap & cleansers,2.9,16.5
2011,554 Soap & cleansers,2.2,14.7
2012,554 Soap & cleansers,3.9,15.4
2013,554 Soap & cleansers,4.1,17
2014,554 Soap & cleansers,7.2,15.4
2015,554 Soap & cleansers,4.8,17.3
2016,554 Soap & cleansers,3.3,17
2017,554 Soap & cleansers,2.8,17.2
2018,554 Soap & cleansers,4.6,16.5
2019,554 Soap & cleansers,5.2,15.2
2020,554 Soap & cleansers,9.8,13.1
2021,554 Soap & cleansers,10.3,14.2
2022,554 Soap & cleansers,6.1,14.3
2023,554 Soap & cleansers,7.1,13
2024,554 Soap & cleansers,7.2,12.5
2025,554 Soap & cleansers,8.2,11.9
2006,562 Fertilisers (excl crude),0.9,26.3
2007,562 Fertilisers (excl crude),0.2,25.7
2008,562 Fertilisers (excl crude),0.4,34.2
2009,562 Fertilisers (excl crude),4.4,24
2010,562 Fertilisers (excl crude),0.8,25.3
2011,562 Fertilisers (excl crude),0.8,16
2012,562 Fertilisers (excl crude),1.2,19.3
2013,562 Fertilisers (excl crude),1.7,14.2
2014,562 Fertilisers (excl crude),2.8,16.2
2015,562 Fertilisers (excl crude),2.4,16.1
2016,562 Fertilisers (excl crude),3.3,15.6
2017,562 Fertilisers (excl crude),12.2,13
2018,562 Fertilisers (excl crude),18,14.4
2019,562 Fertilisers (excl crude),7.1,10.8
2020,562 Fertilisers (excl crude),42.5,6.5
2021,562 Fertilisers (excl crude),61.4,5.5
2022,562 Fertilisers (excl crude),33.2,6.5
2023,562 Fertilisers (excl crude),42.9,10.2
2024,562 Fertilisers (excl crude),26.9,7.1
2025,562 Fertilisers (excl crude),11.6,4.8
2006,571 Primary ethylene polymers,0.4,4.1
2007,571 Primary ethylene polymers,1.6,4.5
2008,571 Primary ethylene polymers,0.6,6.6
2009,571 Primary ethylene polymers,0.6,7.8
2010,571 Primary ethylene polymers,0,7.9
2011,571 Primary ethylene polymers,0.7,2.3
2012,571 Primary ethylene polymers,13.9,1.9
2013,571 Primary ethylene polymers,2.5,1.3
2014,571 Primary ethylene polymers,3.3,1.6
2015,571 Primary ethylene polymers,3.8,7.5
2016,571 Primary ethylene polymers,11.5,2.9
2017,571 Primary ethylene polymers,10.7,2.4
2018,571 Primary ethylene polymers,4,3
2019,571 Primary ethylene polymers,4.9,3.3
2020,571 Primary ethylene polymers,0.2,2.9
2021,571 Primary ethylene polymers,0.5,2.2
2022,571 Primary ethylene polymers,3.4,1.2
2023,571 Primary ethylene polymers,3.4,1.4
2024,571 Primary ethylene polymers,1.3,1.6
2025,571 Primary ethylene polymers,3.3,0.3
2006,572 Primary styrene polymers,4.3,7
2007,572 Primary styrene polymers,4.8,4.5
2008,572 Primary styrene polymers,1.4,3.5
2009,572 Primary styrene polymers,0,3.8
2010,572 Primary styrene polymers,0.2,2.5
2011,572 Primary styrene polymers,0.5,1.1
2012,572 Primary styrene polymers,0.6,1.2
2013,572 Primary styrene polymers,9.3,1
2014,572 Primary styrene polymers,0,1.3
2015,572 Primary styrene polymers,0,1.9
2016,572 Primary styrene polymers,1.3,1.7
2017,572 Primary styrene polymers,2.4,1.4
2018,572 Primary styrene polymers,0,1.4
2019,572 Primary styrene polymers,0.1,1.6
2020,572 Primary styrene polymers,10.1,1.7
2021,572 Primary styrene polymers,10.1,0.9
2022,572 Primary styrene polymers,0.6,1.4
2023,572 Primary styrene polymers,1.1,1
2024,572 Primary styrene polymers,3.3,0.5
2025,572 Primary styrene polymers,1.2,0.9
2006,573 Primary vinyl chloride polymers,1.4,11.5
2007,573 Primary vinyl chloride polymers,3.6,8.9
2008,573 Primary vinyl chloride polymers,0.1,4.8
2009,573 Primary vinyl chloride polymers,0.1,10.2
2010,573 Primary vinyl chloride polymers,0,6.7
2011,573 Primary vinyl chloride polymers,0.1,5.7
2012,573 Primary vinyl chloride polymers,7.6,7
2013,573 Primary vinyl chloride polymers,9.1,8.9
2014,573 Primary vinyl chloride polymers,19.5,7.3
2015,573 Primary vinyl chloride polymers,8.7,8.4
2016,573 Primary vinyl chloride polymers,11.8,3.1
2017,573 Primary vinyl chloride polymers,3.4,1.7
2018,573 Primary vinyl chloride polymers,0.2,1.8
2019,573 Primary vinyl chloride polymers,0.4,2.5
2020,573 Primary vinyl chloride polymers,0,3.3
2021,573 Primary vinyl chloride polymers,7.5,1.6
2022,573 Primary vinyl chloride polymers,7.5,1.8
2023,573 Primary vinyl chloride polymers,5.7,2.7
2024,573 Primary vinyl chloride polymers,0.7,3.2
2025,573 Primary vinyl chloride polymers,0.4,3.1
2006,574 Primary polyacetals,1.1,12.5
2007,574 Primary polyacetals,0.5,13.7
2008,574 Primary polyacetals,2.7,8.7
2009,574 Primary polyacetals,0.7,10.3
2010,574 Primary polyacetals,1.2,12.1
2011,574 Primary polyacetals,0.6,9.5
2012,574 Primary polyacetals,1,6.3
2013,574 Primary polyacetals,2.3,6.6
2014,574 Primary polyacetals,1.6,7.5
2015,574 Primary polyacetals,1.5,12.3
2016,574 Primary polyacetals,2.1,12.2
2017,574 Primary polyacetals,3.7,13.7
2018,574 Primary polyacetals,6.7,11.8
2019,574 Primary polyacetals,9.1,12.2
2020,574 Primary polyacetals,15.9,11.6
2021,574 Primary polyacetals,24.7,8.8
2022,574 Primary polyacetals,15.1,8.9
2023,574 Primary polyacetals,12.1,7.1
2024,574 Primary polyacetals,2.9,8.6
2025,574 Primary polyacetals,1.8,9.1
2006,575 Other primary plastics,4,20.4
2007,575 Other primary plastics,3,19.2
2008,575 Other primary plastics,4.1,21.5
2009,575 Other primary plastics,4.3,21.6
2010,575 Other primary plastics,3.2,23.4
2011,575 Other primary plastics,4.4,20.8
2012,575 Other primary plastics,5.1,20.2
2013,575 Other primary plastics,4.4,19.5
2014,575 Other primary plastics,4.6,15
2015,575 Other primary plastics,4.2,14.9
2016,575 Other primary plastics,5.6,14.2
2017,575 Other primary plastics,4.2,13.2
2018,575 Other primary plastics,5.8,12.1
2019,575 Other primary plastics,4.9,11.6
2020,575 Other primary plastics,5.9,10.9
2021,575 Other primary plastics,5.2,9.4
2022,575 Other primary plastics,6,8.2
2023,575 Other primary plastics,5.6,8.5
2024,575 Other primary plastics,8.4,8.2
2025,575 Other primary plastics,11.5,8.8
2006,579 Primary plastic waste & scrap,0.8,0
2007,579 Primary plastic waste & scrap,0.3,1.4
2008,579 Primary plastic waste & scrap,0,1.2
2009,579 Primary plastic waste & scrap,0,1
2010,579 Primary plastic waste & scrap,0.4,2
2011,579 Primary plastic waste & scrap,0.1,6.5
2012,579 Primary plastic waste & scrap,0.5,5.3
2013,579 Primary plastic waste & scrap,0.4,0.5
2014,579 Primary plastic waste & scrap,0.3,4.9
2015,579 Primary plastic waste & scrap,0.2,0.5
2016,579 Primary plastic waste & scrap,0.6,1.1
2017,579 Primary plastic waste & scrap,0.3,1.8
2018,579 Primary plastic waste & scrap,0.6,0.3
2019,579 Primary plastic waste & scrap,0.4,1
2020,579 Primary plastic waste & scrap,3.9,1.5
2021,579 Primary plastic waste & scrap,30.9,2.6
2022,579 Primary plastic waste & scrap,9.1,0.1
2023,579 Primary plastic waste & scrap,0,2
2024,579 Primary plastic waste & scrap,0.2,1.2
2025,579 Primary plastic waste & scrap,0,0.1
2006,"581 Plastic tubes, pipes & hoses",8.1,20.7
2007,"581 Plastic tubes, pipes & hoses",10.2,21.6
2008,"581 Plastic tubes, pipes & hoses",16,19.5
2009,"581 Plastic tubes, pipes & hoses",21.8,20.9
2010,"581 Plastic tubes, pipes & hoses",11.5,23.7
2011,"581 Plastic tubes, pipes & hoses",8.7,20.4
2012,"581 Plastic tubes, pipes & hoses",3.2,20
2013,"581 Plastic tubes, pipes & hoses",3.4,22.3
2014,"581 Plastic tubes, pipes & hoses",15.9,18.1
2015,"581 Plastic tubes, pipes & hoses",5,18.5
2016,"581 Plastic tubes, pipes & hoses",4,16.5
2017,"581 Plastic tubes, pipes & hoses",3.9,14.3
2018,"581 Plastic tubes, pipes & hoses",2.9,10.7
2019,"581 Plastic tubes, pipes & hoses",4.6,11.2
2020,"581 Plastic tubes, pipes & hoses",3.8,12.4
2021,"581 Plastic tubes, pipes & hoses",7.3,11.3
2022,"581 Plastic tubes, pipes & hoses",8.9,12
2023,"581 Plastic tubes, pipes & hoses",8,12.3
2024,"581 Plastic tubes, pipes & hoses",8.8,9.9
2025,"581 Plastic tubes, pipes & hoses",11.5,10
2006,"582 Plastic plates, sheets & film",2.8,18.4
2007,"582 Plastic plates, sheets & film",2.7,18.3
2008,"582 Plastic plates, sheets & film",3.1,15.6
2009,"582 Plastic plates, sheets & film",2.9,15.8
2010,"582 Plastic plates, sheets & film",4.2,16.4
2011,"582 Plastic plates, sheets & film",4.1,15.1
2012,"582 Plastic plates, sheets & film",7.1,16.5
2013,"582 Plastic plates, sheets & film",5.1,15.3
2014,"582 Plastic plates, sheets & film",5.4,14.8
2015,"582 Plastic plates, sheets & film",6,15.2
2016,"582 Plastic plates, sheets & film",4.5,14.5
2017,"582 Plastic plates, sheets & film",4,12.8
2018,"582 Plastic plates, sheets & film",3.5,12.3
2019,"582 Plastic plates, sheets & film",4.7,12.5
2020,"582 Plastic plates, sheets & film",14.1,11.9
2021,"582 Plastic plates, sheets & film",8.3,11.1
2022,"582 Plastic plates, sheets & film",9.4,11.4
2023,"582 Plastic plates, sheets & film",8.9,11.2
2024,"582 Plastic plates, sheets & film",12.8,10.8
2025,"582 Plastic plates, sheets & film",8.5,11
2006,583 Plastic monofilament,25.4,12.8
2007,583 Plastic monofilament,18.2,8.1
2008,583 Plastic monofilament,27.2,11
2009,583 Plastic monofilament,25.5,13.6
2010,583 Plastic monofilament,26.1,9.1
2011,583 Plastic monofilament,18,9.1
2012,583 Plastic monofilament,30.8,7.2
2013,583 Plastic monofilament,22.5,11.9
2014,583 Plastic monofilament,14.5,11.9
2015,583 Plastic monofilament,24,12
2016,583 Plastic monofilament,26.8,9.8
2017,583 Plastic monofilament,25.7,12.9
2018,583 Plastic monofilament,9.5,9.5
2019,583 Plastic monofilament,25.8,13.1
2020,583 Plastic monofilament,14.6,8.1
2021,583 Plastic monofilament,17.7,9
2022,583 Plastic monofilament,21.5,9.8
2023,583 Plastic monofilament,14.8,7.6
2024,583 Plastic monofilament,9.4,6.9
2025,583 Plastic monofilament,12.7,10.4
2006,"591 Insecticides, herbicides, disinfectants",8.4,17.5
2007,"591 Insecticides, herbicides, disinfectants",7.7,17.1
2008,"591 Insecticides, herbicides, disinfectants",12.9,14.9
2009,"591 Insecticides, herbicides, disinfectants",10.4,18.4
2010,"591 Insecticides, herbicides, disinfectants",1,14.8
2011,"591 Insecticides, herbicides, disinfectants",19.7,13.6
2012,"591 Insecticides, herbicides, disinfectants",30,13.9
2013,"591 Insecticides, herbicides, disinfectants",36,12.4
2014,"591 Insecticides, herbicides, disinfectants",13.3,16.9
2015,"591 Insecticides, herbicides, disinfectants",14.3,16.2
2016,"591 Insecticides, herbicides, disinfectants",6.3,16.5
2017,"591 Insecticides, herbicides, disinfectants",3.5,14.7
2018,"591 Insecticides, herbicides, disinfectants",4.3,15
2019,"591 Insecticides, herbicides, disinfectants",2.2,16.7
2020,"591 Insecticides, herbicides, disinfectants",4.7,9.7
2021,"591 Insecticides, herbicides, disinfectants",0.6,11.7
2022,"591 Insecticides, herbicides, disinfectants",3.2,10.4
2023,"591 Insecticides, herbicides, disinfectants",0.4,9.3
2024,"591 Insecticides, herbicides, disinfectants",0.1,7.1
2025,"591 Insecticides, herbicides, disinfectants",6.6,10.2
2006,"592 Starches, inulin & wheat gluten",31.7,23.2
2007,"592 Starches, inulin & wheat gluten",30.8,21.3
2008,"592 Starches, inulin & wheat gluten",37.1,18
2009,"592 Starches, inulin & wheat gluten",42.9,18.3
2010,"592 Starches, inulin & wheat gluten",48.7,17.3
2011,"592 Starches, inulin & wheat gluten",42.6,16.4
2012,"592 Starches, inulin & wheat gluten",41.3,19.9
2013,"592 Starches, inulin & wheat gluten",47.7,14.4
2014,"592 Starches, inulin & wheat gluten",48.4,15
2015,"592 Starches, inulin & wheat gluten",52,17.1
2016,"592 Starches, inulin & wheat gluten",56.5,17.5
2017,"592 Starches, inulin & wheat gluten",46.9,17.6
2018,"592 Starches, inulin & wheat gluten",43.4,15.6
2019,"592 Starches, inulin & wheat gluten",42.1,16.4
2020,"592 Starches, inulin & wheat gluten",40.1,16.9
2021,"592 Starches, inulin & wheat gluten",43.9,14.3
2022,"592 Starches, inulin & wheat gluten",53.4,13.8
2023,"592 Starches, inulin & wheat gluten",56.1,14.7
2024,"592 Starches, inulin & wheat gluten",48.4,14.7
2025,"592 Starches, inulin & wheat gluten",45.9,14.6
2006,593 Explosives & pyrotechnics,21.3,29
2007,593 Explosives & pyrotechnics,18.6,21.2
2008,593 Explosives & pyrotechnics,23.3,25
2009,593 Explosives & pyrotechnics,34.2,37.9
2010,593 Explosives & pyrotechnics,24.7,25.6
2011,593 Explosives & pyrotechnics,20.3,24.5
2012,593 Explosives & pyrotechnics,27.5,22.5
2013,593 Explosives & pyrotechnics,26.8,25.4
2014,593 Explosives & pyrotechnics,32.3,22.6
2015,593 Explosives & pyrotechnics,35.5,29.5
2016,593 Explosives & pyrotechnics,35.4,35.2
2017,593 Explosives & pyrotechnics,27.7,31.2
2018,593 Explosives & pyrotechnics,35.7,21.4
2019,593 Explosives & pyrotechnics,16.6,18
2020,593 Explosives & pyrotechnics,49.9,16.6
2021,593 Explosives & pyrotechnics,40.1,17.6
2022,593 Explosives & pyrotechnics,49.5,19.4
2023,593 Explosives & pyrotechnics,34.1,20.9
2024,593 Explosives & pyrotechnics,8.2,14.9
2025,593 Explosives & pyrotechnics,36.8,19.3
2006,597 Prepared additives for mineral oils,0.4,39.8
2007,597 Prepared additives for mineral oils,0.3,37.4
2008,597 Prepared additives for mineral oils,0.2,37.5
2009,597 Prepared additives for mineral oils,1.4,37.6
2010,597 Prepared additives for mineral oils,0.3,38.4
2011,597 Prepared additives for mineral oils,3.2,33
2012,597 Prepared additives for mineral oils,1.3,31.6
2013,597 Prepared additives for mineral oils,2.1,33.9
2014,597 Prepared additives for mineral oils,1.3,29.7
2015,597 Prepared additives for mineral oils,2.7,33.1
2016,597 Prepared additives for mineral oils,4.2,33
2017,597 Prepared additives for mineral oils,1.8,31.8
2018,597 Prepared additives for mineral oils,0.7,30.9
2019,597 Prepared additives for mineral oils,1.2,31.1
2020,597 Prepared additives for mineral oils,2.9,33
2021,597 Prepared additives for mineral oils,0.8,27.5
2022,597 Prepared additives for mineral oils,0.5,25.8
2023,597 Prepared additives for mineral oils,2.6,24.5
2024,597 Prepared additives for mineral oils,0.5,26.9
2025,597 Prepared additives for mineral oils,0.4,22.4
2006,"598 Miscellaneous chemical products, nes",13.3,35
2007,"598 Miscellaneous chemical products, nes",12.8,36.9
2008,"598 Miscellaneous chemical products, nes",11.7,37.6
2009,"598 Miscellaneous chemical products, nes",12,37
2010,"598 Miscellaneous chemical products, nes",8,34.2
2011,"598 Miscellaneous chemical products, nes",12.2,32.6
2012,"598 Miscellaneous chemical products, nes",10.6,31.9
2013,"598 Miscellaneous chemical products, nes",16.8,32.5
2014,"598 Miscellaneous chemical products, nes",10.4,24.7
2015,"598 Miscellaneous chemical products, nes",12,31.7
2016,"598 Miscellaneous chemical products, nes",14.1,35.7
2017,"598 Miscellaneous chemical products, nes",8.5,34.3
2018,"598 Miscellaneous chemical products, nes",7.2,31.1
2019,"598 Miscellaneous chemical products, nes",9,32.6
2020,"598 Miscellaneous chemical products, nes",11.6,34.3
2021,"598 Miscellaneous chemical products, nes",16.6,33.6
2022,"598 Miscellaneous chemical products, nes",11.3,17.9
2023,"598 Miscellaneous chemical products, nes",16.1,31.4
2024,"598 Miscellaneous chemical products, nes",12.7,31.7
2025,"598 Miscellaneous chemical products, nes",15.9,31.5
2006,599 Residual chemical wastes,0.5,61
2007,599 Residual chemical wastes,13.8,35.2
2008,599 Residual chemical wastes,2.9,37.1
2009,599 Residual chemical wastes,23.5,64.7
2010,599 Residual chemical wastes,1,80.7
2011,599 Residual chemical wastes,2.3,69.2
2012,599 Residual chemical wastes,4.3,54
2013,599 Residual chemical wastes,8.8,56.8
2014,599 Residual chemical wastes,0,61.5
2015,599 Residual chemical wastes,11.3,77.3
2016,599 Residual chemical wastes,2.4,79.7
2017,599 Residual chemical wastes,5.6,69.3
2018,599 Residual chemical wastes,0.3,20
2019,599 Residual chemical wastes,2.4,0
2020,599 Residual chemical wastes,0.4,14.8
2021,599 Residual chemical wastes,0,0.6
2022,599 Residual chemical wastes,0,2.7
2023,599 Residual chemical wastes,1.4,19.7
2024,599 Residual chemical wastes,0.1,6.8
2025,599 Residual chemical wastes,0,1
2006,611 Leather,0.2,1.2
2007,611 Leather,0.2,2.1
2008,611 Leather,0.2,2
2009,611 Leather,0.3,2.6
2010,611 Leather,0.3,1.8
2011,611 Leather,0.2,2
2012,611 Leather,0.4,2.2
2013,611 Leather,0.3,1.7
2014,611 Leather,0.3,4.1
2015,611 Leather,0.6,9.9
2016,611 Leather,0.6,4.1
2017,611 Leather,0.8,8.3
2018,611 Leather,0.6,5.6
2019,611 Leather,1,3.5
2020,611 Leather,1.1,3.5
2021,611 Leather,0.6,4
2022,611 Leather,0.6,3.4
2023,611 Leather,0.7,8.9
2024,611 Leather,0.4,3.7
2025,611 Leather,0.9,4.8
2006,612 Leather manufactures,13.6,4.8
2007,612 Leather manufactures,14.8,4
2008,612 Leather manufactures,18.5,5.7
2009,612 Leather manufactures,7.3,5.4
2010,612 Leather manufactures,5.9,5.5
2011,612 Leather manufactures,19.5,6.9
2012,612 Leather manufactures,24.8,6.1
2013,612 Leather manufactures,6.2,6.6
2014,612 Leather manufactures,11.6,6
2015,612 Leather manufactures,12.5,5.5
2016,612 Leather manufactures,15.2,4.7
2017,612 Leather manufactures,11.2,4.4
2018,612 Leather manufactures,6.5,3.3
2019,612 Leather manufactures,8,3.5
2020,612 Leather manufactures,5.6,3.9
2021,612 Leather manufactures,8.4,3.5
2022,612 Leather manufactures,4.7,3.4
2023,612 Leather manufactures,4.1,3.5
2024,612 Leather manufactures,7.4,4.4
2025,612 Leather manufactures,6.3,3.6
2006,"613 Furskins, tanned or dressed",2.9,0.1
2007,"613 Furskins, tanned or dressed",4.7,0.2
2008,"613 Furskins, tanned or dressed",56.5,0.3
2009,"613 Furskins, tanned or dressed",36.2,1.4
2010,"613 Furskins, tanned or dressed",39.5,0.2
2011,"613 Furskins, tanned or dressed",0,0.4
2012,"613 Furskins, tanned or dressed",1.5,0.1
2013,"613 Furskins, tanned or dressed",0.8,0.5
2014,"613 Furskins, tanned or dressed",0.3,1
2015,"613 Furskins, tanned or dressed",0,0.9
2016,"613 Furskins, tanned or dressed",4.3,0.4
2017,"613 Furskins, tanned or dressed",0.5,0.5
2018,"613 Furskins, tanned or dressed",2.2,0.4
2019,"613 Furskins, tanned or dressed",10.3,0.6
2020,"613 Furskins, tanned or dressed",0,0.3
2021,"613 Furskins, tanned or dressed",8.5,0.1
2022,"613 Furskins, tanned or dressed",0,0.2
2023,"613 Furskins, tanned or dressed",72.1,0.2
2024,"613 Furskins, tanned or dressed",0,1
2025,"613 Furskins, tanned or dressed",21.4,1.1
2006,621 Materials of rubber,12.1,18.3
2007,621 Materials of rubber,7.6,16.6
2008,621 Materials of rubber,2.5,16.2
2009,621 Materials of rubber,4.1,17.6
2010,621 Materials of rubber,3.3,16.6
2011,621 Materials of rubber,2.1,14.2
2012,621 Materials of rubber,3.3,15.8
2013,621 Materials of rubber,6.5,16.6
2014,621 Materials of rubber,3.3,18.5
2015,621 Materials of rubber,3.9,18.4
2016,621 Materials of rubber,4.4,16.7
2017,621 Materials of rubber,8.2,17.1
2018,621 Materials of rubber,12,14.9
2019,621 Materials of rubber,13,14.2
2020,621 Materials of rubber,12.9,18.2
2021,621 Materials of rubber,12.9,16.1
2022,621 Materials of rubber,14.8,16.7
2023,621 Materials of rubber,13.2,17.7
2024,621 Materials of rubber,9.3,18.2
2025,621 Materials of rubber,11.2,16
2006,"625 Rubber tyres, treads & tubes",9.2,12.4
2007,"625 Rubber tyres, treads & tubes",6,11.1
2008,"625 Rubber tyres, treads & tubes",6.3,11.5
2009,"625 Rubber tyres, treads & tubes",1,12.1
2010,"625 Rubber tyres, treads & tubes",3.6,12.5
2011,"625 Rubber tyres, treads & tubes",6.6,13.5
2012,"625 Rubber tyres, treads & tubes",9.9,13.3
2013,"625 Rubber tyres, treads & tubes",7.3,15.8
2014,"625 Rubber tyres, treads & tubes",7.1,14.3
2015,"625 Rubber tyres, treads & tubes",7.3,14.4
2016,"625 Rubber tyres, treads & tubes",7.1,15.9
2017,"625 Rubber tyres, treads & tubes",6.6,12.6
2018,"625 Rubber tyres, treads & tubes",7.2,14.8
2019,"625 Rubber tyres, treads & tubes",8.8,16.7
2020,"625 Rubber tyres, treads & tubes",11.2,17.9
2021,"625 Rubber tyres, treads & tubes",15.1,13.9
2022,"625 Rubber tyres, treads & tubes",14.3,15.7
2023,"625 Rubber tyres, treads & tubes",10.9,14.6
2024,"625 Rubber tyres, treads & tubes",6.4,12.8
2025,"625 Rubber tyres, treads & tubes",5,14.7
2006,"629 Rubber articles, nes",10.9,23.5
2007,"629 Rubber articles, nes",16.9,21.3
2008,"629 Rubber articles, nes",11.4,22.3
2009,"629 Rubber articles, nes",8.5,21.9
2010,"629 Rubber articles, nes",8.5,21.3
2011,"629 Rubber articles, nes",6.2,21.3
2012,"629 Rubber articles, nes",6.8,20.4
2013,"629 Rubber articles, nes",5.4,19.8
2014,"629 Rubber articles, nes",5.4,22.6
2015,"629 Rubber articles, nes",5.5,23.8
2016,"629 Rubber articles, nes",5.7,23.7
2017,"629 Rubber articles, nes",12,23.7
2018,"629 Rubber articles, nes",12.8,22.2
2019,"629 Rubber articles, nes",18.2,22.6
2020,"629 Rubber articles, nes",11,19.2
2021,"629 Rubber articles, nes",11.4,18.9
2022,"629 Rubber articles, nes",13.3,20.4
2023,"629 Rubber articles, nes",13.3,19.3
2024,"629 Rubber articles, nes",17.2,20.7
2025,"629 Rubber articles, nes",16.7,19.8
2006,633 Cork manufactures,15.8,0.2
2007,633 Cork manufactures,0.5,0.3
2008,633 Cork manufactures,2.1,0.5
2009,633 Cork manufactures,18,1
2010,633 Cork manufactures,0,0.5
2011,633 Cork manufactures,0.1,1.2
2012,633 Cork manufactures,2.3,1.1
2013,633 Cork manufactures,2.4,0.5
2014,633 Cork manufactures,0.6,0.4
2015,633 Cork manufactures,4,1.2
2016,633 Cork manufactures,1.9,0.6
2017,633 Cork manufactures,5.1,0.2
2018,633 Cork manufactures,2.9,0.2
2019,633 Cork manufactures,0.4,0.1
2020,633 Cork manufactures,20.5,0.2
2021,633 Cork manufactures,25.3,0.5
2022,633 Cork manufactures,8.9,0.5
2023,633 Cork manufactures,6,0.8
2024,633 Cork manufactures,33.2,0.3
2025,633 Cork manufactures,14.7,0.6
2006,"634 Veneers, plywood & particle board",13.3,2.4
2007,"634 Veneers, plywood & particle board",3.2,1.9
2008,"634 Veneers, plywood & particle board",1.9,2.3
2009,"634 Veneers, plywood & particle board",8.7,2.9
2010,"634 Veneers, plywood & particle board",13.9,2.8
2011,"634 Veneers, plywood & particle board",0.8,3.1
2012,"634 Veneers, plywood & particle board",0.4,3
2013,"634 Veneers, plywood & particle board",0.7,1.5
2014,"634 Veneers, plywood & particle board",0.7,1.7
2015,"634 Veneers, plywood & particle board",1.8,2.3
2016,"634 Veneers, plywood & particle board",2.9,4.3
2017,"634 Veneers, plywood & particle board",4,6
2018,"634 Veneers, plywood & particle board",8.2,5.5
2019,"634 Veneers, plywood & particle board",5.7,3.9
2020,"634 Veneers, plywood & particle board",6.6,2.9
2021,"634 Veneers, plywood & particle board",15.1,3.9
2022,"634 Veneers, plywood & particle board",11.9,4.4
2023,"634 Veneers, plywood & particle board",10.5,2.8
2024,"634 Veneers, plywood & particle board",2.9,1.9
2025,"634 Veneers, plywood & particle board",3,0.5
2006,"635 Wood manufactures, nes",5.8,6.3
2007,"635 Wood manufactures, nes",4.4,8
2008,"635 Wood manufactures, nes",9,12.1
2009,"635 Wood manufactures, nes",4.4,12.8
2010,"635 Wood manufactures, nes",11.2,16.7
2011,"635 Wood manufactures, nes",17.2,14.2
2012,"635 Wood manufactures, nes",12.8,15.6
2013,"635 Wood manufactures, nes",7.4,15.4
2014,"635 Wood manufactures, nes",4,14.8
2015,"635 Wood manufactures, nes",7.6,14.7
2016,"635 Wood manufactures, nes",8.8,10.3
2017,"635 Wood manufactures, nes",10.7,11.9
2018,"635 Wood manufactures, nes",12.3,11.5
2019,"635 Wood manufactures, nes",12.9,10.6
2020,"635 Wood manufactures, nes",11.1,9.5
2021,"635 Wood manufactures, nes",10.9,8.4
2022,"635 Wood manufactures, nes",11.2,5.6
2023,"635 Wood manufactures, nes",8.1,4.5
2024,"635 Wood manufactures, nes",11.1,3.4
2025,"635 Wood manufactures, nes",8.6,3.4
2006,641 Paper & paperboard,8.7,8.1
2007,641 Paper & paperboard,6,8.2
2008,641 Paper & paperboard,6.6,8
2009,641 Paper & paperboard,6.8,8.2
2010,641 Paper & paperboard,12.5,7.1
2011,641 Paper & paperboard,12.4,7.3
2012,641 Paper & paperboard,14.6,7.3
2013,641 Paper & paperboard,12.9,7.7
2014,641 Paper & paperboard,18.8,7.7
2015,641 Paper & paperboard,19.1,7.4
2016,641 Paper & paperboard,15.8,6.5
2017,641 Paper & paperboard,14,6.8
2018,641 Paper & paperboard,16.6,6.3
2019,641 Paper & paperboard,19.5,6.8
2020,641 Paper & paperboard,15,7
2021,641 Paper & paperboard,14.5,7.2
2022,641 Paper & paperboard,12.1,6.3
2023,641 Paper & paperboard,13.8,7.6
2024,641 Paper & paperboard,13.9,7.2
2025,641 Paper & paperboard,7.9,7.6
2006,"642 Paper & paperboard, cut to size",1.4,11
2007,"642 Paper & paperboard, cut to size",1.1,8
2008,"642 Paper & paperboard, cut to size",1.5,8.5
2009,"642 Paper & paperboard, cut to size",2,9
2010,"642 Paper & paperboard, cut to size",2.8,7.9
2011,"642 Paper & paperboard, cut to size",2.8,6.4
2012,"642 Paper & paperboard, cut to size",1.6,6.6
2013,"642 Paper & paperboard, cut to size",1.5,4.8
2014,"642 Paper & paperboard, cut to size",0.9,4.3
2015,"642 Paper & paperboard, cut to size",2,4.4
2016,"642 Paper & paperboard, cut to size",1.6,3.8
2017,"642 Paper & paperboard, cut to size",6.8,3.7
2018,"642 Paper & paperboard, cut to size",10.1,3.1
2019,"642 Paper & paperboard, cut to size",5.7,2.7
2020,"642 Paper & paperboard, cut to size",5.8,2.3
2021,"642 Paper & paperboard, cut to size",9.7,2.3
2022,"642 Paper & paperboard, cut to size",9.1,2.4
2023,"642 Paper & paperboard, cut to size",4.5,2.3
2024,"642 Paper & paperboard, cut to size",12.4,2
2025,"642 Paper & paperboard, cut to size",4.5,1.7
2006,651 Textile yarn,9.5,3.6
2007,651 Textile yarn,15.7,2.3
2008,651 Textile yarn,20.5,2.8
2009,651 Textile yarn,20.3,4.2
2010,651 Textile yarn,26.7,4
2011,651 Textile yarn,25.6,4.1
2012,651 Textile yarn,13.4,4.4
2013,651 Textile yarn,9.1,10
2014,651 Textile yarn,6.3,9
2015,651 Textile yarn,3.8,6.3
2016,651 Textile yarn,8,3.9
2017,651 Textile yarn,19.7,3.1
2018,651 Textile yarn,11.6,3.8
2019,651 Textile yarn,31.7,6.3
2020,651 Textile yarn,20.6,6
2021,651 Textile yarn,29.4,7
2022,651 Textile yarn,48,4.8
2023,651 Textile yarn,29.1,3.1
2024,651 Textile yarn,25.6,4.5
2025,651 Textile yarn,20.7,3.7
2006,"652 Cotton fabrics, woven",7.4,7
2007,"652 Cotton fabrics, woven",0.8,7.3
2008,"652 Cotton fabrics, woven",4.9,7.7
2009,"652 Cotton fabrics, woven",3,8.2
2010,"652 Cotton fabrics, woven",1.4,8.2
2011,"652 Cotton fabrics, woven",2.9,6.4
2012,"652 Cotton fabrics, woven",1.9,7.4
2013,"652 Cotton fabrics, woven",7.4,6.3
2014,"652 Cotton fabrics, woven",3.9,6.8
2015,"652 Cotton fabrics, woven",6.6,8.6
2016,"652 Cotton fabrics, woven",4.3,9.1
2017,"652 Cotton fabrics, woven",3.4,8
2018,"652 Cotton fabrics, woven",8.4,6.3
2019,"652 Cotton fabrics, woven",9.7,5.5
2020,"652 Cotton fabrics, woven",20.5,3.9
2021,"652 Cotton fabrics, woven",4.8,4.5
2022,"652 Cotton fabrics, woven",3.4,4.2
2023,"652 Cotton fabrics, woven",2.4,4.8
2024,"652 Cotton fabrics, woven",3,4.6
2025,"652 Cotton fabrics, woven",3.7,4.1
2006,"653 Man-made fabrics, woven",1.7,7.2
2007,"653 Man-made fabrics, woven",2.3,6
2008,"653 Man-made fabrics, woven",1.5,6.9
2009,"653 Man-made fabrics, woven",1.9,6.3
2010,"653 Man-made fabrics, woven",3.2,5.2
2011,"653 Man-made fabrics, woven",4.8,4.7
2012,"653 Man-made fabrics, woven",8.9,5
2013,"653 Man-made fabrics, woven",10.5,3.9
2014,"653 Man-made fabrics, woven",20,4.1
2015,"653 Man-made fabrics, woven",29,4.2
2016,"653 Man-made fabrics, woven",17.2,4.9
2017,"653 Man-made fabrics, woven",20.5,4.6
2018,"653 Man-made fabrics, woven",15.8,5.8
2019,"653 Man-made fabrics, woven",20.7,5.7
2020,"653 Man-made fabrics, woven",30.5,5.7
2021,"653 Man-made fabrics, woven",12.4,5.6
2022,"653 Man-made fabrics, woven",16.2,5.7
2023,"653 Man-made fabrics, woven",10.1,5.3
2024,"653 Man-made fabrics, woven",3.5,6.4
2025,"653 Man-made fabrics, woven",3.4,5.3
2006,"654 Other textile fabrics, woven",7.2,8.6
2007,"654 Other textile fabrics, woven",3.6,8.6
2008,"654 Other textile fabrics, woven",7.5,8.1
2009,"654 Other textile fabrics, woven",6.1,8.1
2010,"654 Other textile fabrics, woven",6.3,9.8
2011,"654 Other textile fabrics, woven",4.4,8.9
2012,"654 Other textile fabrics, woven",3.5,11.4
2013,"654 Other textile fabrics, woven",5.4,10.1
2014,"654 Other textile fabrics, woven",9.4,10.3
2015,"654 Other textile fabrics, woven",10.4,9.7
2016,"654 Other textile fabrics, woven",6.9,13
2017,"654 Other textile fabrics, woven",7,12.6
2018,"654 Other textile fabrics, woven",4.5,12
2019,"654 Other textile fabrics, woven",2.3,10.7
2020,"654 Other textile fabrics, woven",4.4,8.1
2021,"654 Other textile fabrics, woven",7.7,6.4
2022,"654 Other textile fabrics, woven",12.3,5
2023,"654 Other textile fabrics, woven",9.1,6
2024,"654 Other textile fabrics, woven",8.3,4.3
2025,"654 Other textile fabrics, woven",11.9,4.7
2006,655 Knitted or crocheted fabrics,10.5,2.5
2007,655 Knitted or crocheted fabrics,8.7,2.2
2008,655 Knitted or crocheted fabrics,6.8,2.8
2009,655 Knitted or crocheted fabrics,5.3,2.6
2010,655 Knitted or crocheted fabrics,2.8,1.9
2011,655 Knitted or crocheted fabrics,6.1,2.7
2012,655 Knitted or crocheted fabrics,5.9,2.7
2013,655 Knitted or crocheted fabrics,4.4,2.3
2014,655 Knitted or crocheted fabrics,10.7,1.6
2015,655 Knitted or crocheted fabrics,24.1,1
2016,655 Knitted or crocheted fabrics,24,3.3
2017,655 Knitted or crocheted fabrics,29.1,2.8
2018,655 Knitted or crocheted fabrics,34.7,1.8
2019,655 Knitted or crocheted fabrics,18.1,1.6
2020,655 Knitted or crocheted fabrics,32.1,0.8
2021,655 Knitted or crocheted fabrics,32.7,0.6
2022,655 Knitted or crocheted fabrics,35.2,0.4
2023,655 Knitted or crocheted fabrics,23.3,0.6
2024,655 Knitted or crocheted fabrics,33.2,0.7
2025,655 Knitted or crocheted fabrics,19.1,0.3
2006,"656 Tulles, lace & ribbons",0.9,4.1
2007,"656 Tulles, lace & ribbons",2.3,6.7
2008,"656 Tulles, lace & ribbons",1.8,9.5
2009,"656 Tulles, lace & ribbons",7.7,8.7
2010,"656 Tulles, lace & ribbons",1.7,11.7
2011,"656 Tulles, lace & ribbons",9.5,10.6
2012,"656 Tulles, lace & ribbons",3.3,7.3
2013,"656 Tulles, lace & ribbons",2.8,6.5
2014,"656 Tulles, lace & ribbons",2.9,7.2
2015,"656 Tulles, lace & ribbons",6.3,6.8
2016,"656 Tulles, lace & ribbons",1.7,7.7
2017,"656 Tulles, lace & ribbons",19,5.6
2018,"656 Tulles, lace & ribbons",1.7,5.3
2019,"656 Tulles, lace & ribbons",2.9,8.3
2020,"656 Tulles, lace & ribbons",4.2,6.7
2021,"656 Tulles, lace & ribbons",7.4,6.8
2022,"656 Tulles, lace & ribbons",1.3,6.3
2023,"656 Tulles, lace & ribbons",2,6
2024,"656 Tulles, lace & ribbons",2.9,6.2
2025,"656 Tulles, lace & ribbons",3,4.6
2006,657 Special yarns & fabrics,13.2,12.7
2007,657 Special yarns & fabrics,12,13.4
2008,657 Special yarns & fabrics,16.2,16.4
2009,657 Special yarns & fabrics,19.2,15.3
2010,657 Special yarns & fabrics,19.6,17.6
2011,657 Special yarns & fabrics,20.3,15.8
2012,657 Special yarns & fabrics,12.8,16.5
2013,657 Special yarns & fabrics,6.1,14.5
2014,657 Special yarns & fabrics,13.3,12.3
2015,657 Special yarns & fabrics,15.3,11.6
2016,657 Special yarns & fabrics,16.5,10.2
2017,657 Special yarns & fabrics,19,10.5
2018,657 Special yarns & fabrics,26.2,9.8
2019,657 Special yarns & fabrics,25.9,9.4
2020,657 Special yarns & fabrics,24.1,9
2021,657 Special yarns & fabrics,26.8,7.9
2022,657 Special yarns & fabrics,23.8,9
2023,657 Special yarns & fabrics,26.5,9.5
2024,657 Special yarns & fabrics,26.4,9
2025,657 Special yarns & fabrics,27.4,7.3
2006,"658 Made-up textile articles, nes",8.7,3.2
2007,"658 Made-up textile articles, nes",7.5,3.2
2008,"658 Made-up textile articles, nes",11.4,2.8
2009,"658 Made-up textile articles, nes",6.6,3.3
2010,"658 Made-up textile articles, nes",5.7,3.1
2011,"658 Made-up textile articles, nes",12.8,2.7
2012,"658 Made-up textile articles, nes",5.1,2.4
2013,"658 Made-up textile articles, nes",7,2.2
2014,"658 Made-up textile articles, nes",8.1,2.3
2015,"658 Made-up textile articles, nes",7,3.1
2016,"658 Made-up textile articles, nes",6.8,3.1
2017,"658 Made-up textile articles, nes",6.8,3
2018,"658 Made-up textile articles, nes",9,2.8
2019,"658 Made-up textile articles, nes",9,3
2020,"658 Made-up textile articles, nes",10.2,1.7
2021,"658 Made-up textile articles, nes",15.2,3.2
2022,"658 Made-up textile articles, nes",6.9,2.3
2023,"658 Made-up textile articles, nes",5.9,2.2
2024,"658 Made-up textile articles, nes",6.9,1.8
2025,"658 Made-up textile articles, nes",7.5,1.8
2006,659 Floor coverings,21.6,4.8
2007,659 Floor coverings,19.4,5.5
2008,659 Floor coverings,19.7,7
2009,659 Floor coverings,17.7,6.1
2010,659 Floor coverings,18.6,7
2011,659 Floor coverings,18.6,7.4
2012,659 Floor coverings,12.3,8.6
2013,659 Floor coverings,4.5,8.3
2014,659 Floor coverings,4.9,7.9
2015,659 Floor coverings,5.2,7.3
2016,659 Floor coverings,7.2,7.3
2017,659 Floor coverings,3.8,7.1
2018,659 Floor coverings,3.3,6.7
2019,659 Floor coverings,3.2,6.4
2020,659 Floor coverings,1.1,4
2021,659 Floor coverings,6.1,3.2
2022,659 Floor coverings,3.3,3.3
2023,659 Floor coverings,2.5,4.1
2024,659 Floor coverings,2.4,2.9
2025,659 Floor coverings,5.3,1.7
2006,"661 Lime, cement & construction materials",4,0.5
2007,"661 Lime, cement & construction materials",2,0.5
2008,"661 Lime, cement & construction materials",3.9,0.4
2009,"661 Lime, cement & construction materials",2.7,0.5
2010,"661 Lime, cement & construction materials",0.1,0.5
2011,"661 Lime, cement & construction materials",0.2,0.6
2012,"661 Lime, cement & construction materials",4.1,0.7
2013,"661 Lime, cement & construction materials",1,1.1
2014,"661 Lime, cement & construction materials",0.4,0.9
2015,"661 Lime, cement & construction materials",0.4,1
2016,"661 Lime, cement & construction materials",3.2,1
2017,"661 Lime, cement & construction materials",2.5,0.9
2018,"661 Lime, cement & construction materials",1.1,0.8
2019,"661 Lime, cement & construction materials",1,0.8
2020,"661 Lime, cement & construction materials",1.3,0.6
2021,"661 Lime, cement & construction materials",1.1,0.5
2022,"661 Lime, cement & construction materials",0.6,0.5
2023,"661 Lime, cement & construction materials",6.3,0.5
2024,"661 Lime, cement & construction materials",6.3,0.5
2025,"661 Lime, cement & construction materials",3.2,0.4
2006,662 Clay construction materials,2.1,2.7
2007,662 Clay construction materials,5.4,1.5
2008,662 Clay construction materials,7.4,2.3
2009,662 Clay construction materials,5.4,1.5
2010,662 Clay construction materials,2.6,2
2011,662 Clay construction materials,3.5,1.4
2012,662 Clay construction materials,0.9,1.3
2013,662 Clay construction materials,0.2,1.3
2014,662 Clay construction materials,0.5,0.7
2015,662 Clay construction materials,0.1,1.3
2016,662 Clay construction materials,0.3,0.9
2017,662 Clay construction materials,0.1,1
2018,662 Clay construction materials,0.2,1.2
2019,662 Clay construction materials,0.5,1
2020,662 Clay construction materials,1.3,0.9
2021,662 Clay construction materials,2.7,1.1
2022,662 Clay construction materials,6,0.8
2023,662 Clay construction materials,2.5,0.7
2024,662 Clay construction materials,0.8,1.1
2025,662 Clay construction materials,1.1,1.1
2006,"663 Mineral manufactures, nes",9.9,14.1
2007,"663 Mineral manufactures, nes",8.1,14.2
2008,"663 Mineral manufactures, nes",10.9,13.2
2009,"663 Mineral manufactures, nes",8.2,8.9
2010,"663 Mineral manufactures, nes",9.4,11.3
2011,"663 Mineral manufactures, nes",9.2,11.5
2012,"663 Mineral manufactures, nes",6.8,8.9
2013,"663 Mineral manufactures, nes",7.3,8.3
2014,"663 Mineral manufactures, nes",10.8,7.6
2015,"663 Mineral manufactures, nes",8.6,10.4
2016,"663 Mineral manufactures, nes",11.4,8.5
2017,"663 Mineral manufactures, nes",19,8
2018,"663 Mineral manufactures, nes",20.8,11.4
2019,"663 Mineral manufactures, nes",14.9,8.6
2020,"663 Mineral manufactures, nes",12.2,10
2021,"663 Mineral manufactures, nes",13.7,7.1
2022,"663 Mineral manufactures, nes",21.4,7.2
2023,"663 Mineral manufactures, nes",20,8.3
2024,"663 Mineral manufactures, nes",15,8.9
2025,"663 Mineral manufactures, nes",16.3,8.3
2006,664 Glass,49.6,11.2
2007,664 Glass,56.7,11.6
2008,664 Glass,41.8,11.1
2009,664 Glass,45.8,16
2010,664 Glass,36.9,13
2011,664 Glass,33.1,10.8
2012,664 Glass,66.2,11.7
2013,664 Glass,74.6,12.5
2014,664 Glass,71.8,14
2015,664 Glass,73.4,8.9
2016,664 Glass,64.6,7.4
2017,664 Glass,17.2,7.1
2018,664 Glass,12.7,6.7
2019,664 Glass,16.6,7.8
2020,664 Glass,21.3,7.2
2021,664 Glass,26.7,5.6
2022,664 Glass,46.8,5.8
2023,664 Glass,43.4,6.6
2024,664 Glass,58.4,5.3
2025,664 Glass,53.1,4.1
2006,665 Glassware,1.8,7.2
2007,665 Glassware,1.7,7.8
2008,665 Glassware,1.3,6.9
2009,665 Glassware,0.7,6.9
2010,665 Glassware,1.5,7.5
2011,665 Glassware,3.4,7.6
2012,665 Glassware,5,6.7
2013,665 Glassware,3.1,6.5
2014,665 Glassware,1.7,8.9
2015,665 Glassware,2.8,5.6
2016,665 Glassware,5.7,5.4
2017,665 Glassware,3.8,5.6
2018,665 Glassware,3.2,5.1
2019,665 Glassware,3.3,5.2
2020,665 Glassware,4.1,5.7
2021,665 Glassware,6.5,4.4
2022,665 Glassware,19.6,4.8
2023,665 Glassware,6.1,5.5
2024,665 Glassware,7.3,5.5
2025,665 Glassware,5.8,3.9
2006,666 Pottery,3.8,0.6
2007,666 Pottery,4.7,0.8
2008,666 Pottery,4.3,0.8
2009,666 Pottery,2.6,0.7
2010,666 Pottery,2.2,0.5
2011,666 Pottery,6.7,0.9
2012,666 Pottery,15.4,0.7
2013,666 Pottery,12.6,1.1
2014,666 Pottery,9.3,0.8
2015,666 Pottery,13.4,0.7
2016,666 Pottery,16.4,0.7
2017,666 Pottery,19,0.9
2018,666 Pottery,21.3,1
2019,666 Pottery,10.3,0.7
2020,666 Pottery,6.1,0.6
2021,666 Pottery,7.1,0.6
2022,666 Pottery,8.7,0.5
2023,666 Pottery,9.2,1.1
2024,666 Pottery,9,0.5
2025,666 Pottery,7.8,0.4
2006,667 Pearls & gems,6.7,4.4
2007,667 Pearls & gems,6.8,6.1
2008,667 Pearls & gems,7.1,5.2
2009,667 Pearls & gems,6.7,4
2010,667 Pearls & gems,32.8,4.8
2011,667 Pearls & gems,7.1,5.9
2012,667 Pearls & gems,7.1,6.5
2013,667 Pearls & gems,8.7,5.6
2014,667 Pearls & gems,11.4,4.8
2015,667 Pearls & gems,9.8,5.2
2016,667 Pearls & gems,13.2,2.5
2017,667 Pearls & gems,15.9,3.6
2018,667 Pearls & gems,13.4,4.3
2019,667 Pearls & gems,19.5,3.3
2020,667 Pearls & gems,20.4,4.5
2021,667 Pearls & gems,20.9,7.8
2022,667 Pearls & gems,17.8,5.3
2023,667 Pearls & gems,45,13.4
2024,667 Pearls & gems,19.2,4.8
2025,667 Pearls & gems,10.4,4
2006,671 Pig-iron,49.9,2.4
2007,671 Pig-iron,0,2
2008,671 Pig-iron,0,0.5
2009,671 Pig-iron,0.4,1.6
2010,671 Pig-iron,0.5,0.9
2011,671 Pig-iron,0.6,1.2
2012,671 Pig-iron,14.5,0.9
2013,671 Pig-iron,14.8,1.7
2014,671 Pig-iron,65.9,1.2
2015,671 Pig-iron,0.2,0.7
2016,671 Pig-iron,0.4,0.6
2017,671 Pig-iron,0.7,0.7
2018,671 Pig-iron,0.2,1
2019,671 Pig-iron,0.8,0.5
2020,671 Pig-iron,0.3,0.8
2021,671 Pig-iron,5,0.3
2022,671 Pig-iron,30.6,0.2
2023,671 Pig-iron,3.7,0.5
2024,671 Pig-iron,36.3,0.7
2025,671 Pig-iron,67.2,1
2006,672 Iron or steel ingots,16.6,42.2
2007,672 Iron or steel ingots,13.6,12
2008,672 Iron or steel ingots,18.3,4.2
2009,672 Iron or steel ingots,1.9,29.9
2010,672 Iron or steel ingots,15.9,2.9
2011,672 Iron or steel ingots,8.8,9.3
2012,672 Iron or steel ingots,25.6,13.5
2013,672 Iron or steel ingots,24.7,14.6
2014,672 Iron or steel ingots,13.7,3.3
2015,672 Iron or steel ingots,14.8,9.5
2016,672 Iron or steel ingots,18,1.7
2017,672 Iron or steel ingots,17.7,2.9
2018,672 Iron or steel ingots,4.5,7.2
2019,672 Iron or steel ingots,12.8,10.1
2020,672 Iron or steel ingots,55.3,0.4
2021,672 Iron or steel ingots,5.5,0.3
2022,672 Iron or steel ingots,23.5,1
2023,672 Iron or steel ingots,88.1,1.8
2024,672 Iron or steel ingots,55.3,1
2025,672 Iron or steel ingots,40.3,1
2006,673 Uncoated flat-rolled iron & steel,48.5,0.2
2007,673 Uncoated flat-rolled iron & steel,32,0.1
2008,673 Uncoated flat-rolled iron & steel,49.4,0
2009,673 Uncoated flat-rolled iron & steel,27.6,0
2010,673 Uncoated flat-rolled iron & steel,31.7,0.8
2011,673 Uncoated flat-rolled iron & steel,34.6,1
2012,673 Uncoated flat-rolled iron & steel,35.1,0.2
2013,673 Uncoated flat-rolled iron & steel,30,0.3
2014,673 Uncoated flat-rolled iron & steel,71.2,0.2
2015,673 Uncoated flat-rolled iron & steel,57.4,0.1
2016,673 Uncoated flat-rolled iron & steel,35.1,0.1
2017,673 Uncoated flat-rolled iron & steel,43.7,0.1
2018,673 Uncoated flat-rolled iron & steel,36.7,0
2019,673 Uncoated flat-rolled iron & steel,36.5,0.3
2020,673 Uncoated flat-rolled iron & steel,33.5,0.7
2021,673 Uncoated flat-rolled iron & steel,73.5,0.1
2022,673 Uncoated flat-rolled iron & steel,19.4,0.1
2023,673 Uncoated flat-rolled iron & steel,29.5,0.1
2024,673 Uncoated flat-rolled iron & steel,19.9,0
2025,673 Uncoated flat-rolled iron & steel,2.4,0.1
2006,674 Coated flat-rolled iron & steel,1,0.2
2007,674 Coated flat-rolled iron & steel,0.8,0.2
2008,674 Coated flat-rolled iron & steel,2.5,0.3
2009,674 Coated flat-rolled iron & steel,0.6,2.2
2010,674 Coated flat-rolled iron & steel,0.2,0.3
2011,674 Coated flat-rolled iron & steel,0.1,0.4
2012,674 Coated flat-rolled iron & steel,0,0.3
2013,674 Coated flat-rolled iron & steel,0.4,0.6
2014,674 Coated flat-rolled iron & steel,0.4,0.4
2015,674 Coated flat-rolled iron & steel,0,0.4
2016,674 Coated flat-rolled iron & steel,32.2,0.3
2017,674 Coated flat-rolled iron & steel,37.5,0.3
2018,674 Coated flat-rolled iron & steel,46.1,0.3
2019,674 Coated flat-rolled iron & steel,47.4,0.4
2020,674 Coated flat-rolled iron & steel,48,0.2
2021,674 Coated flat-rolled iron & steel,57.3,0.1
2022,674 Coated flat-rolled iron & steel,48.7,0.3
2023,674 Coated flat-rolled iron & steel,52,0.1
2024,674 Coated flat-rolled iron & steel,58.4,0.3
2025,674 Coated flat-rolled iron & steel,36.4,0.1
2006,675 Flat-rolled alloy steel,3.3,1.3
2007,675 Flat-rolled alloy steel,1.9,0.5
2008,675 Flat-rolled alloy steel,1.8,0.7
2009,675 Flat-rolled alloy steel,16.7,0.9
2010,675 Flat-rolled alloy steel,1.9,1.1
2011,675 Flat-rolled alloy steel,3.2,1.5
2012,675 Flat-rolled alloy steel,1.2,1.8
2013,675 Flat-rolled alloy steel,2.2,1.4
2014,675 Flat-rolled alloy steel,8.3,2.4
2015,675 Flat-rolled alloy steel,11.4,4.2
2016,675 Flat-rolled alloy steel,5.4,3.6
2017,675 Flat-rolled alloy steel,5,2.7
2018,675 Flat-rolled alloy steel,6.9,1.4
2019,675 Flat-rolled alloy steel,2.5,0.7
2020,675 Flat-rolled alloy steel,4.1,0.8
2021,675 Flat-rolled alloy steel,5.8,0.3
2022,675 Flat-rolled alloy steel,14.3,0.7
2023,675 Flat-rolled alloy steel,3.7,1
2024,675 Flat-rolled alloy steel,12.9,1.3
2025,675 Flat-rolled alloy steel,7.5,1.3
2006,676 Iron & steel bars & rods,2.2,0.5
2007,676 Iron & steel bars & rods,2.3,0.6
2008,676 Iron & steel bars & rods,0.8,0.7
2009,676 Iron & steel bars & rods,3.4,1.5
2010,676 Iron & steel bars & rods,0.8,1.9
2011,676 Iron & steel bars & rods,1,1
2012,676 Iron & steel bars & rods,0.8,1.5
2013,676 Iron & steel bars & rods,1,1.1
2014,676 Iron & steel bars & rods,1.2,0.8
2015,676 Iron & steel bars & rods,1.7,1.1
2016,676 Iron & steel bars & rods,1,0.9
2017,676 Iron & steel bars & rods,0.8,1.5
2018,676 Iron & steel bars & rods,11.4,1.9
2019,676 Iron & steel bars & rods,16.7,2.2
2020,676 Iron & steel bars & rods,0.7,2.1
2021,676 Iron & steel bars & rods,0.7,1
2022,676 Iron & steel bars & rods,1.8,0.6
2023,676 Iron & steel bars & rods,1.8,0.8
2024,676 Iron & steel bars & rods,2.9,0.9
2025,676 Iron & steel bars & rods,3.5,0.8
2006,677 Rails of iron or steel,30.4,1.1
2007,677 Rails of iron or steel,30,0.3
2008,677 Rails of iron or steel,23.2,0.5
2009,677 Rails of iron or steel,19.5,1.4
2010,677 Rails of iron or steel,15.4,2.1
2011,677 Rails of iron or steel,33.3,0.4
2012,677 Rails of iron or steel,26.6,2.3
2013,677 Rails of iron or steel,24.3,3.1
2014,677 Rails of iron or steel,24.2,2
2015,677 Rails of iron or steel,26.5,2.2
2016,677 Rails of iron or steel,31.5,1.5
2017,677 Rails of iron or steel,33.3,1.7
2018,677 Rails of iron or steel,22.9,2.8
2019,677 Rails of iron or steel,27.3,2
2020,677 Rails of iron or steel,36,2.1
2021,677 Rails of iron or steel,30.5,2.4
2022,677 Rails of iron or steel,23.9,3.1
2023,677 Rails of iron or steel,26.3,3.4
2024,677 Rails of iron or steel,28.9,2.1
2025,677 Rails of iron or steel,23.5,2.5
2006,678 Wire of iron or steel,3.9,1.8
2007,678 Wire of iron or steel,3.1,1.9
2008,678 Wire of iron or steel,1.9,1.2
2009,678 Wire of iron or steel,2.3,2
2010,678 Wire of iron or steel,1.5,1.7
2011,678 Wire of iron or steel,1.7,2.1
2012,678 Wire of iron or steel,1.4,2.5
2013,678 Wire of iron or steel,1,1.8
2014,678 Wire of iron or steel,0.4,1.6
2015,678 Wire of iron or steel,0.6,0.9
2016,678 Wire of iron or steel,0.8,1.2
2017,678 Wire of iron or steel,5,1.4
2018,678 Wire of iron or steel,2.4,1.1
2019,678 Wire of iron or steel,4.5,1.3
2020,678 Wire of iron or steel,4.6,0.9
2021,678 Wire of iron or steel,2.4,0.4
2022,678 Wire of iron or steel,5.4,0.4
2023,678 Wire of iron or steel,3,0.6
2024,678 Wire of iron or steel,0.7,1.1
2025,678 Wire of iron or steel,0.6,0.5
2006,679 Tubes & pipes of iron or steel,5.7,7.8
2007,679 Tubes & pipes of iron or steel,4.2,7.3
2008,679 Tubes & pipes of iron or steel,3.5,6.4
2009,679 Tubes & pipes of iron or steel,2.9,6
2010,679 Tubes & pipes of iron or steel,3.5,6
2011,679 Tubes & pipes of iron or steel,5,6.4
2012,679 Tubes & pipes of iron or steel,4.8,5
2013,679 Tubes & pipes of iron or steel,2.2,5.5
2014,679 Tubes & pipes of iron or steel,3.6,4.2
2015,679 Tubes & pipes of iron or steel,7,3.5
2016,679 Tubes & pipes of iron or steel,11.5,9.1
2017,679 Tubes & pipes of iron or steel,5,7.8
2018,679 Tubes & pipes of iron or steel,2.1,6.5
2019,679 Tubes & pipes of iron or steel,3.1,6.9
2020,679 Tubes & pipes of iron or steel,3,6.1
2021,679 Tubes & pipes of iron or steel,2.6,4.6
2022,679 Tubes & pipes of iron or steel,3.9,4.3
2023,679 Tubes & pipes of iron or steel,3.2,4.2
2024,679 Tubes & pipes of iron or steel,3.9,3.1
2025,679 Tubes & pipes of iron or steel,4.3,5
2006,681 Silver & platinum,0,33
2007,681 Silver & platinum,0,41.7
2008,681 Silver & platinum,1,39.6
2009,681 Silver & platinum,1.8,27.9
2010,681 Silver & platinum,0.7,46.4
2011,681 Silver & platinum,1.8,8.3
2012,681 Silver & platinum,2.9,4
2013,681 Silver & platinum,1.8,9.2
2014,681 Silver & platinum,1.1,18.7
2015,681 Silver & platinum,3.5,6.4
2016,681 Silver & platinum,10.5,4.8
2017,681 Silver & platinum,0.9,11.5
2018,681 Silver & platinum,2.6,10.6
2019,681 Silver & platinum,1.6,7
2020,681 Silver & platinum,1.8,1.3
2021,681 Silver & platinum,7.6,2.1
2022,681 Silver & platinum,15.6,2
2023,681 Silver & platinum,16.9,2.6
2024,681 Silver & platinum,0.4,6
2025,681 Silver & platinum,14.2,5.8
2006,682 Copper,0.6,2.1
2007,682 Copper,0.7,2.1
2008,682 Copper,0.3,1.6
2009,682 Copper,0.3,1.1
2010,682 Copper,0.8,1.3
2011,682 Copper,0.4,1.1
2012,682 Copper,0.8,1
2013,682 Copper,1.5,0.6
2014,682 Copper,1.4,0.7
2015,682 Copper,1.9,0.8
2016,682 Copper,2.1,1
2017,682 Copper,2.9,1.3
2018,682 Copper,2.8,1.2
2019,682 Copper,0.5,1.1
2020,682 Copper,0.8,1.4
2021,682 Copper,1.4,1
2022,682 Copper,1.2,1.2
2023,682 Copper,1.1,1.3
2024,682 Copper,1,0.9
2025,682 Copper,18.4,0.6
2006,683 Nickel,20.3,12.1
2007,683 Nickel,19.3,11.7
2008,683 Nickel,21.6,19.3
2009,683 Nickel,3.8,23.1
2010,683 Nickel,10.9,23.2
2011,683 Nickel,13.1,21
2012,683 Nickel,5,14.4
2013,683 Nickel,4.5,19.9
2014,683 Nickel,4.2,19.9
2015,683 Nickel,1.7,20.5
2016,683 Nickel,72.5,15.6
2017,683 Nickel,87.1,20.6
2018,683 Nickel,10.9,18.1
2019,683 Nickel,6.5,20.2
2020,683 Nickel,29.2,20.2
2021,683 Nickel,69.7,16.2
2022,683 Nickel,74.3,19.4
2023,683 Nickel,67.8,18.2
2024,683 Nickel,16.9,17.1
2025,683 Nickel,11,16.5
2006,684 Aluminium,3.5,3.1
2007,684 Aluminium,3.3,3
2008,684 Aluminium,2.7,2.8
2009,684 Aluminium,0.6,2.9
2010,684 Aluminium,2.2,2.1
2011,684 Aluminium,2.3,3
2012,684 Aluminium,2,3.2
2013,684 Aluminium,2.2,2.3
2014,684 Aluminium,2.7,2.5
2015,684 Aluminium,3.2,2.7
2016,684 Aluminium,2,2.5
2017,684 Aluminium,7.2,2.5
2018,684 Aluminium,11.9,2.4
2019,684 Aluminium,15.9,2.7
2020,684 Aluminium,5.5,2.3
2021,684 Aluminium,8.9,1.6
2022,684 Aluminium,11.8,1.7
2023,684 Aluminium,8.7,2
2024,684 Aluminium,6.8,2.2
2025,684 Aluminium,3.8,1.9
2006,685 Lead,2.1,0.7
2007,685 Lead,0,0.8
2008,685 Lead,0,1.6
2009,685 Lead,0,0.4
2010,685 Lead,0,1.5
2011,685 Lead,0,3.9
2012,685 Lead,0,10.2
2013,685 Lead,0.1,1.3
2014,685 Lead,0.3,4.9
2015,685 Lead,0.1,3
2016,685 Lead,0.6,0.6
2017,685 Lead,1.7,1.5
2018,685 Lead,0.8,1
2019,685 Lead,0,0.7
2020,685 Lead,5.1,1
2021,685 Lead,17.1,0.2
2022,685 Lead,30.4,0.4
2023,685 Lead,26.4,2.1
2024,685 Lead,12.5,0.7
2025,685 Lead,26.9,0.6
2006,686 Zinc,3.8,0.8
2007,686 Zinc,0.2,0.2
2008,686 Zinc,0.1,1
2009,686 Zinc,0.1,0.9
2010,686 Zinc,10.4,0.4
2011,686 Zinc,21.3,1
2012,686 Zinc,29.7,3.1
2013,686 Zinc,11.5,1.1
2014,686 Zinc,19.9,1.9
2015,686 Zinc,19.3,1.5
2016,686 Zinc,12.2,0.4
2017,686 Zinc,4.5,0.2
2018,686 Zinc,0,0.3
2019,686 Zinc,0,0.5
2020,686 Zinc,7.6,4.6
2021,686 Zinc,0.7,2.3
2022,686 Zinc,28.1,1.9
2023,686 Zinc,3.6,1.2
2024,686 Zinc,2.6,0.1
2025,686 Zinc,15.2,0
2006,687 Tin,0.1,0.9
2007,687 Tin,0,0.1
2008,687 Tin,0,0.5
2009,687 Tin,0,0.6
2010,687 Tin,0,0.5
2011,687 Tin,0,0.6
2012,687 Tin,0,1.1
2013,687 Tin,0,0.6
2014,687 Tin,0,1.7
2015,687 Tin,0,2.5
2016,687 Tin,0,5.4
2017,687 Tin,0.1,5.6
2018,687 Tin,0.2,5.7
2019,687 Tin,1,3.2
2020,687 Tin,4.9,7.2
2021,687 Tin,0.1,5
2022,687 Tin,0.1,11.6
2023,687 Tin,0.1,11.4
2024,687 Tin,0,6
2025,687 Tin,0,6.1
2006,689 Other non-ferrous metals,9.3,3.7
2007,689 Other non-ferrous metals,15.8,4.6
2008,689 Other non-ferrous metals,13.2,1.6
2009,689 Other non-ferrous metals,5.1,1.2
2010,689 Other non-ferrous metals,13.6,2.6
2011,689 Other non-ferrous metals,13.3,3
2012,689 Other non-ferrous metals,11.1,3.9
2013,689 Other non-ferrous metals,8.7,3.6
2014,689 Other non-ferrous metals,18.5,4
2015,689 Other non-ferrous metals,9.7,9.5
2016,689 Other non-ferrous metals,8.2,25.3
2017,689 Other non-ferrous metals,10.4,13.7
2018,689 Other non-ferrous metals,7,9.6
2019,689 Other non-ferrous metals,5.4,7
2020,689 Other non-ferrous metals,0.5,10.9
2021,689 Other non-ferrous metals,5.2,7.5
2022,689 Other non-ferrous metals,3,3.9
2023,689 Other non-ferrous metals,0.1,7.1
2024,689 Other non-ferrous metals,8.4,4.1
2025,689 Other non-ferrous metals,6.2,4.5
2006,"691 Iron, steel, aluminium structures",2.2,3.9
2007,"691 Iron, steel, aluminium structures",5.4,4.5
2008,"691 Iron, steel, aluminium structures",1.7,3.9
2009,"691 Iron, steel, aluminium structures",1.1,3.7
2010,"691 Iron, steel, aluminium structures",1.8,2.4
2011,"691 Iron, steel, aluminium structures",1.9,1.5
2012,"691 Iron, steel, aluminium structures",2,1.6
2013,"691 Iron, steel, aluminium structures",1.1,1.8
2014,"691 Iron, steel, aluminium structures",1.4,2
2015,"691 Iron, steel, aluminium structures",4.2,1.4
2016,"691 Iron, steel, aluminium structures",5.7,1.7
2017,"691 Iron, steel, aluminium structures",7.8,2.7
2018,"691 Iron, steel, aluminium structures",6.5,2.2
2019,"691 Iron, steel, aluminium structures",7,1.8
2020,"691 Iron, steel, aluminium structures",7,2.6
2021,"691 Iron, steel, aluminium structures",10.1,2.1
2022,"691 Iron, steel, aluminium structures",8.4,1.5
2023,"691 Iron, steel, aluminium structures",7.3,1.6
2024,"691 Iron, steel, aluminium structures",8.3,1.4
2025,"691 Iron, steel, aluminium structures",5,1.9
2006,692 Metal containers,5.3,16.3
2007,692 Metal containers,4.4,11.8
2008,692 Metal containers,15.1,12.9
2009,692 Metal containers,14.6,13.3
2010,692 Metal containers,7.5,12
2011,692 Metal containers,4.4,10.7
2012,692 Metal containers,3.5,10.9
2013,692 Metal containers,5,11.2
2014,692 Metal containers,3.3,10.5
2015,692 Metal containers,6.3,13.6
2016,692 Metal containers,4.9,11.1
2017,692 Metal containers,5.3,10.2
2018,692 Metal containers,6.7,9.2
2019,692 Metal containers,9.9,8.7
2020,692 Metal containers,15.3,10.7
2021,692 Metal containers,16.3,9.4
2022,692 Metal containers,18.7,9.8
2023,692 Metal containers,15.3,8.4
2024,692 Metal containers,16,11.8
2025,692 Metal containers,12.7,4.5
2006,693 Wire products,6,2.8
2007,693 Wire products,3.5,3
2008,693 Wire products,4.5,2.5
2009,693 Wire products,4.6,4.8
2010,693 Wire products,3.9,4.2
2011,693 Wire products,3.1,3.1
2012,693 Wire products,4.1,4.7
2013,693 Wire products,3.8,3.1
2014,693 Wire products,8.1,2.9
2015,693 Wire products,3.4,3.3
2016,693 Wire products,2.3,2.7
2017,693 Wire products,1.2,2.8
2018,693 Wire products,3.3,2.4
2019,693 Wire products,4.2,2.3
2020,693 Wire products,9.9,2.3
2021,693 Wire products,30.7,2
2022,693 Wire products,37.9,1.9
2023,693 Wire products,26.8,2.1
2024,693 Wire products,4.9,3.2
2025,693 Wire products,8.3,2
2006,"694 Nails, screws, nuts, bolts & rivets",13,18.1
2007,"694 Nails, screws, nuts, bolts & rivets",8.4,16.7
2008,"694 Nails, screws, nuts, bolts & rivets",6.9,15.6
2009,"694 Nails, screws, nuts, bolts & rivets",5,17.3
2010,"694 Nails, screws, nuts, bolts & rivets",4.6,17.3
2011,"694 Nails, screws, nuts, bolts & rivets",6.9,17.6
2012,"694 Nails, screws, nuts, bolts & rivets",5.2,19.6
2013,"694 Nails, screws, nuts, bolts & rivets",5.6,19
2014,"694 Nails, screws, nuts, bolts & rivets",9.4,19.6
2015,"694 Nails, screws, nuts, bolts & rivets",6.1,19.9
2016,"694 Nails, screws, nuts, bolts & rivets",5.7,18.4
2017,"694 Nails, screws, nuts, bolts & rivets",6.4,17.9
2018,"694 Nails, screws, nuts, bolts & rivets",10,15.1
2019,"694 Nails, screws, nuts, bolts & rivets",11.9,16.2
2020,"694 Nails, screws, nuts, bolts & rivets",13.5,15.3
2021,"694 Nails, screws, nuts, bolts & rivets",12.8,13.9
2022,"694 Nails, screws, nuts, bolts & rivets",18.4,13.2
2023,"694 Nails, screws, nuts, bolts & rivets",14.4,15.5
2024,"694 Nails, screws, nuts, bolts & rivets",12.1,15.2
2025,"694 Nails, screws, nuts, bolts & rivets",11.3,15.5
2006,695 Hand or machine tools,15.7,21.2
2007,695 Hand or machine tools,12.8,21
2008,695 Hand or machine tools,12.3,20.5
2009,695 Hand or machine tools,12.2,21.9
2010,695 Hand or machine tools,9.9,22.4
2011,695 Hand or machine tools,10.1,23.2
2012,695 Hand or machine tools,11.2,23.6
2013,695 Hand or machine tools,11.8,19.8
2014,695 Hand or machine tools,10.8,19.8
2015,695 Hand or machine tools,10.8,19.4
2016,695 Hand or machine tools,10.2,16.9
2017,695 Hand or machine tools,11.9,16.2
2018,695 Hand or machine tools,11.7,15.1
2019,695 Hand or machine tools,10.3,15.5
2020,695 Hand or machine tools,12.6,14.4
2021,695 Hand or machine tools,11.5,13.3
2022,695 Hand or machine tools,13.2,14
2023,695 Hand or machine tools,9.7,14
2024,695 Hand or machine tools,10.2,14.2
2025,695 Hand or machine tools,11.5,13.8
2006,696 Cutlery,7.7,17.9
2007,696 Cutlery,6.4,7
2008,696 Cutlery,7.1,13.3
2009,696 Cutlery,5.7,10.5
2010,696 Cutlery,2.7,10
2011,696 Cutlery,3.2,9.4
2012,696 Cutlery,5.1,10.6
2013,696 Cutlery,1.2,8.4
2014,696 Cutlery,2.7,5.2
2015,696 Cutlery,3.4,4.8
2016,696 Cutlery,3.6,6.4
2017,696 Cutlery,5.8,7.7
2018,696 Cutlery,4.4,6.3
2019,696 Cutlery,4,6.1
2020,696 Cutlery,2.9,6
2021,696 Cutlery,4.5,3.1
2022,696 Cutlery,3.6,4.4
2023,696 Cutlery,5.9,4.1
2024,696 Cutlery,4.3,3.5
2025,696 Cutlery,2.5,3.6
2006,"697 Household equip of base metal, nes",18.6,4.3
2007,"697 Household equip of base metal, nes",13.9,5.6
2008,"697 Household equip of base metal, nes",9.7,4.7
2009,"697 Household equip of base metal, nes",6,5.9
2010,"697 Household equip of base metal, nes",12.5,5.8
2011,"697 Household equip of base metal, nes",6.2,7.4
2012,"697 Household equip of base metal, nes",6,8.7
2013,"697 Household equip of base metal, nes",2.7,6.2
2014,"697 Household equip of base metal, nes",7.5,8.6
2015,"697 Household equip of base metal, nes",6,5.2
2016,"697 Household equip of base metal, nes",8.5,4
2017,"697 Household equip of base metal, nes",3.8,3.8
2018,"697 Household equip of base metal, nes",5.1,4.3
2019,"697 Household equip of base metal, nes",10,4.1
2020,"697 Household equip of base metal, nes",4.1,4.6
2021,"697 Household equip of base metal, nes",8.2,4.3
2022,"697 Household equip of base metal, nes",3.3,3.9
2023,"697 Household equip of base metal, nes",6.3,3.2
2024,"697 Household equip of base metal, nes",2.8,2.8
2025,"697 Household equip of base metal, nes",2.6,2.2
2006,"699 Manufactures of base metal, nes",13.3,11.3
2007,"699 Manufactures of base metal, nes",14.4,9.8
2008,"699 Manufactures of base metal, nes",13.1,9.6
2009,"699 Manufactures of base metal, nes",8.4,8.7
2010,"699 Manufactures of base metal, nes",7.1,9.8
2011,"699 Manufactures of base metal, nes",9.3,8.9
2012,"699 Manufactures of base metal, nes",10.7,9.9
2013,"699 Manufactures of base metal, nes",11.3,8.4
2014,"699 Manufactures of base metal, nes",9.4,10
2015,"699 Manufactures of base metal, nes",12.9,10.2
2016,"699 Manufactures of base metal, nes",12.5,9.1
2017,"699 Manufactures of base metal, nes",14,8.8
2018,"699 Manufactures of base metal, nes",15.1,8.2
2019,"699 Manufactures of base metal, nes",22.5,8.8
2020,"699 Manufactures of base metal, nes",23.9,8.3
2021,"699 Manufactures of base metal, nes",19,6.5
2022,"699 Manufactures of base metal, nes",17.3,6.8
2023,"699 Manufactures of base metal, nes",17,7.7
2024,"699 Manufactures of base metal, nes",15.9,6.7
2025,"699 Manufactures of base metal, nes",15.1,6.7
2006,711 Steam boilers & parts,0.3,2.9
2007,711 Steam boilers & parts,8.1,4.5
2008,711 Steam boilers & parts,0.6,3.6
2009,711 Steam boilers & parts,0.1,3.6
2010,711 Steam boilers & parts,4.6,8.1
2011,711 Steam boilers & parts,7.7,12.1
2012,711 Steam boilers & parts,3.1,16.8
2013,711 Steam boilers & parts,0.2,14.2
2014,711 Steam boilers & parts,6.6,1.5
2015,711 Steam boilers & parts,0,7
2016,711 Steam boilers & parts,0,3.8
2017,711 Steam boilers & parts,0.3,2.6
2018,711 Steam boilers & parts,0.7,3.6
2019,711 Steam boilers & parts,0.7,8.8
2020,711 Steam boilers & parts,0.1,4.3
2021,711 Steam boilers & parts,0.6,16.7
2022,711 Steam boilers & parts,4.2,6.5
2023,711 Steam boilers & parts,0.1,13.9
2024,711 Steam boilers & parts,1.3,2.3
2025,711 Steam boilers & parts,0.6,1.5
2006,712 Steam & other vapour turbines,29.3,1.9
2007,712 Steam & other vapour turbines,19.6,12.7
2008,712 Steam & other vapour turbines,3.5,5.3
2009,712 Steam & other vapour turbines,47.6,19.1
2010,712 Steam & other vapour turbines,17.7,3.5
2011,712 Steam & other vapour turbines,60.3,5.3
2012,712 Steam & other vapour turbines,38,35.4
2013,712 Steam & other vapour turbines,10.9,7.8
2014,712 Steam & other vapour turbines,35.8,12.1
2015,712 Steam & other vapour turbines,3.8,72.2
2016,712 Steam & other vapour turbines,15.7,64.5
2017,712 Steam & other vapour turbines,4,38.8
2018,712 Steam & other vapour turbines,5.5,5.2
2019,712 Steam & other vapour turbines,3.9,3.8
2020,712 Steam & other vapour turbines,33.6,23
2021,712 Steam & other vapour turbines,0.8,5.4
2022,712 Steam & other vapour turbines,3.2,9
2023,712 Steam & other vapour turbines,4.2,34.2
2024,712 Steam & other vapour turbines,0.6,18.8
2025,712 Steam & other vapour turbines,5.1,5.2
2006,713 Internal combustion piston engines,9.1,37.7
2007,713 Internal combustion piston engines,8.8,37.5
2008,713 Internal combustion piston engines,8.4,38.7
2009,713 Internal combustion piston engines,13.6,38.4
2010,713 Internal combustion piston engines,13.7,40.1
2011,713 Internal combustion piston engines,14.4,39.7
2012,713 Internal combustion piston engines,18.1,33.7
2013,713 Internal combustion piston engines,18.3,37.8
2014,713 Internal combustion piston engines,18.1,41
2015,713 Internal combustion piston engines,23.2,40.5
2016,713 Internal combustion piston engines,26.6,35.8
2017,713 Internal combustion piston engines,36,40.1
2018,713 Internal combustion piston engines,35.2,39.8
2019,713 Internal combustion piston engines,35.1,41.3
2020,713 Internal combustion piston engines,48.3,40.3
2021,713 Internal combustion piston engines,35,38.5
2022,713 Internal combustion piston engines,48.3,37.9
2023,713 Internal combustion piston engines,39.4,40
2024,713 Internal combustion piston engines,45.3,44.1
2025,713 Internal combustion piston engines,29.9,39.4
2006,714 Non-electric engines & motors,40,53.9
2007,714 Non-electric engines & motors,29,37.7
2008,714 Non-electric engines & motors,19.9,37.1
2009,714 Non-electric engines & motors,41.2,40.2
2010,714 Non-electric engines & motors,34.3,66.9
2011,714 Non-electric engines & motors,42.1,68.7
2012,714 Non-electric engines & motors,43.8,62.1
2013,714 Non-electric engines & motors,35.6,41.7
2014,714 Non-electric engines & motors,34.9,46
2015,714 Non-electric engines & motors,38.2,50.4
2016,714 Non-electric engines & motors,36.8,45.4
2017,714 Non-electric engines & motors,35.2,46.9
2018,714 Non-electric engines & motors,28.6,47.3
2019,714 Non-electric engines & motors,31.4,50.4
2020,714 Non-electric engines & motors,45.1,56.4
2021,714 Non-electric engines & motors,42.8,60.8
2022,714 Non-electric engines & motors,41.1,57.9
2023,714 Non-electric engines & motors,54.3,59.4
2024,714 Non-electric engines & motors,57.6,57.9
2025,714 Non-electric engines & motors,55.6,66.7
2006,716 Rotating electric plant & parts,23.5,16.1
2007,716 Rotating electric plant & parts,35.4,14.9
2008,716 Rotating electric plant & parts,22.1,14
2009,716 Rotating electric plant & parts,18.3,13
2010,716 Rotating electric plant & parts,24.5,21.3
2011,716 Rotating electric plant & parts,25.9,17
2012,716 Rotating electric plant & parts,9.2,23.2
2013,716 Rotating electric plant & parts,11.8,20.1
2014,716 Rotating electric plant & parts,12.4,14.3
2015,716 Rotating electric plant & parts,15.5,19.6
2016,716 Rotating electric plant & parts,8.3,16.6
2017,716 Rotating electric plant & parts,19.6,16.4
2018,716 Rotating electric plant & parts,11.9,15.7
2019,716 Rotating electric plant & parts,12,14.3
2020,716 Rotating electric plant & parts,23.3,19.1
2021,716 Rotating electric plant & parts,17.1,18.5
2022,716 Rotating electric plant & parts,12,15.7
2023,716 Rotating electric plant & parts,10.3,16.7
2024,716 Rotating electric plant & parts,13,18.3
2025,716 Rotating electric plant & parts,14.7,20.7
2006,718 Power generating machinery & parts,16.1,25.9
2007,718 Power generating machinery & parts,12.3,29.2
2008,718 Power generating machinery & parts,10.7,26.6
2009,718 Power generating machinery & parts,10.9,23.4
2010,718 Power generating machinery & parts,15.6,16.9
2011,718 Power generating machinery & parts,16.8,23.8
2012,718 Power generating machinery & parts,26,26.3
2013,718 Power generating machinery & parts,29.7,17
2014,718 Power generating machinery & parts,37.7,25.4
2015,718 Power generating machinery & parts,44.9,35.6
2016,718 Power generating machinery & parts,34.6,26.6
2017,718 Power generating machinery & parts,25,30.4
2018,718 Power generating machinery & parts,29.8,16.6
2019,718 Power generating machinery & parts,29.7,16
2020,718 Power generating machinery & parts,22.1,19.2
2021,718 Power generating machinery & parts,18,20.5
2022,718 Power generating machinery & parts,25.7,17.3
2023,718 Power generating machinery & parts,21.6,17.8
2024,718 Power generating machinery & parts,26.1,25.3
2025,718 Power generating machinery & parts,23.9,21.8
2006,721 Agric machinery (excl tractors) & parts,18.9,50.6
2007,721 Agric machinery (excl tractors) & parts,14.3,45.5
2008,721 Agric machinery (excl tractors) & parts,15.5,46
2009,721 Agric machinery (excl tractors) & parts,15.6,52.2
2010,721 Agric machinery (excl tractors) & parts,19.6,55.5
2011,721 Agric machinery (excl tractors) & parts,16,61
2012,721 Agric machinery (excl tractors) & parts,22.8,61.7
2013,721 Agric machinery (excl tractors) & parts,30.7,51.9
2014,721 Agric machinery (excl tractors) & parts,28.5,45.3
2015,721 Agric machinery (excl tractors) & parts,19.2,49
2016,721 Agric machinery (excl tractors) & parts,27.5,37.9
2017,721 Agric machinery (excl tractors) & parts,23.3,38.7
2018,721 Agric machinery (excl tractors) & parts,18.7,36.1
2019,721 Agric machinery (excl tractors) & parts,23.1,33.6
2020,721 Agric machinery (excl tractors) & parts,29.8,33.1
2021,721 Agric machinery (excl tractors) & parts,29.5,31.9
2022,721 Agric machinery (excl tractors) & parts,25.9,40.1
2023,721 Agric machinery (excl tractors) & parts,22,38.9
2024,721 Agric machinery (excl tractors) & parts,23.1,34.9
2025,721 Agric machinery (excl tractors) & parts,14.6,37.8
2006,722 Tractors,2.7,34.3
2007,722 Tractors,0.4,28.6
2008,722 Tractors,1.3,32.7
2009,722 Tractors,8.3,39.1
2010,722 Tractors,0.2,35.7
2011,722 Tractors,0.5,42.6
2012,722 Tractors,0.9,45.2
2013,722 Tractors,1.4,40.8
2014,722 Tractors,0.8,40.4
2015,722 Tractors,0.3,43.4
2016,722 Tractors,0.6,36.6
2017,722 Tractors,0.5,37.7
2018,722 Tractors,0.7,38.4
2019,722 Tractors,2.5,36.9
2020,722 Tractors,0.2,39.3
2021,722 Tractors,3.7,33.2
2022,722 Tractors,0.5,38.2
2023,722 Tractors,0,40.5
2024,722 Tractors,1,52.4
2025,722 Tractors,0.4,50.9
2006,723 Civil engineering equipment & parts,9.6,32.6
2007,723 Civil engineering equipment & parts,11.9,29.5
2008,723 Civil engineering equipment & parts,14,31.6
2009,723 Civil engineering equipment & parts,8.4,29.6
2010,723 Civil engineering equipment & parts,9.1,30.5
2011,723 Civil engineering equipment & parts,10.6,35.2
2012,723 Civil engineering equipment & parts,9.1,30.7
2013,723 Civil engineering equipment & parts,9.6,29.4
2014,723 Civil engineering equipment & parts,10.7,26.1
2015,723 Civil engineering equipment & parts,11,21.3
2016,723 Civil engineering equipment & parts,7.9,21.4
2017,723 Civil engineering equipment & parts,11.8,21
2018,723 Civil engineering equipment & parts,10.7,20.3
2019,723 Civil engineering equipment & parts,10.9,25.4
2020,723 Civil engineering equipment & parts,8.6,23.6
2021,723 Civil engineering equipment & parts,9.9,21.7
2022,723 Civil engineering equipment & parts,16.9,21.8
2023,723 Civil engineering equipment & parts,18.2,25.4
2024,723 Civil engineering equipment & parts,16,24.9
2025,723 Civil engineering equipment & parts,11.4,20.1
2006,724 Textile & leather machinery & parts,9.4,15.1
2007,724 Textile & leather machinery & parts,11.6,15.5
2008,724 Textile & leather machinery & parts,8.1,21.1
2009,724 Textile & leather machinery & parts,8.1,15.5
2010,724 Textile & leather machinery & parts,6.7,16
2011,724 Textile & leather machinery & parts,7.5,21.8
2012,724 Textile & leather machinery & parts,15.9,26.1
2013,724 Textile & leather machinery & parts,19,23.9
2014,724 Textile & leather machinery & parts,24.6,25
2015,724 Textile & leather machinery & parts,31.9,22.7
2016,724 Textile & leather machinery & parts,30.3,17.9
2017,724 Textile & leather machinery & parts,27.4,24.6
2018,724 Textile & leather machinery & parts,25,19.7
2019,724 Textile & leather machinery & parts,27.5,21.5
2020,724 Textile & leather machinery & parts,27.3,15.8
2021,724 Textile & leather machinery & parts,28.6,14.9
2022,724 Textile & leather machinery & parts,35.2,16
2023,724 Textile & leather machinery & parts,35.4,22.1
2024,724 Textile & leather machinery & parts,41.5,15.4
2025,724 Textile & leather machinery & parts,31.3,12.7
2006,725 Paper & pulp mill machinery & parts,4,9.3
2007,725 Paper & pulp mill machinery & parts,11.3,19.7
2008,725 Paper & pulp mill machinery & parts,25.9,12
2009,725 Paper & pulp mill machinery & parts,5.9,9.6
2010,725 Paper & pulp mill machinery & parts,5.7,14.5
2011,725 Paper & pulp mill machinery & parts,6.9,6.6
2012,725 Paper & pulp mill machinery & parts,11.1,14.8
2013,725 Paper & pulp mill machinery & parts,13.7,13.7
2014,725 Paper & pulp mill machinery & parts,13,15.9
2015,725 Paper & pulp mill machinery & parts,29.2,13.2
2016,725 Paper & pulp mill machinery & parts,11.2,12.3
2017,725 Paper & pulp mill machinery & parts,23.4,11
2018,725 Paper & pulp mill machinery & parts,23.6,6.6
2019,725 Paper & pulp mill machinery & parts,25.6,10.5
2020,725 Paper & pulp mill machinery & parts,32.4,10.7
2021,725 Paper & pulp mill machinery & parts,70.2,12.7
2022,725 Paper & pulp mill machinery & parts,81,6.3
2023,725 Paper & pulp mill machinery & parts,28.2,6.3
2024,725 Paper & pulp mill machinery & parts,16.4,6.6
2025,725 Paper & pulp mill machinery & parts,15.4,13.3
2006,726 Printing machinery & parts,7,8.6
2007,726 Printing machinery & parts,9.3,7.7
2008,726 Printing machinery & parts,15.6,7.5
2009,726 Printing machinery & parts,4.1,6.8
2010,726 Printing machinery & parts,2.6,6.8
2011,726 Printing machinery & parts,4.3,5.7
2012,726 Printing machinery & parts,4.9,7.5
2013,726 Printing machinery & parts,3.5,3.6
2014,726 Printing machinery & parts,2.3,5.9
2015,726 Printing machinery & parts,3.6,9
2016,726 Printing machinery & parts,1.7,7.8
2017,726 Printing machinery & parts,1.8,5.3
2018,726 Printing machinery & parts,3.5,9.6
2019,726 Printing machinery & parts,7.2,10.1
2020,726 Printing machinery & parts,5.1,10.4
2021,726 Printing machinery & parts,9.9,11.1
2022,726 Printing machinery & parts,20.4,10
2023,726 Printing machinery & parts,24.5,10.6
2024,726 Printing machinery & parts,21.8,12.7
2025,726 Printing machinery & parts,9.8,6.8
2006,727 Food processing machines & parts,16.5,14.9
2007,727 Food processing machines & parts,12.2,14.7
2008,727 Food processing machines & parts,12.4,13.5
2009,727 Food processing machines & parts,16.8,11.9
2010,727 Food processing machines & parts,16.4,10.9
2011,727 Food processing machines & parts,10.5,10.2
2012,727 Food processing machines & parts,14.8,10.5
2013,727 Food processing machines & parts,16.7,9.8
2014,727 Food processing machines & parts,28.1,10.9
2015,727 Food processing machines & parts,12.4,8.3
2016,727 Food processing machines & parts,8.7,11.1
2017,727 Food processing machines & parts,15.3,10.6
2018,727 Food processing machines & parts,14.6,13.3
2019,727 Food processing machines & parts,18.5,13.1
2020,727 Food processing machines & parts,11.9,14.2
2021,727 Food processing machines & parts,22.5,11.2
2022,727 Food processing machines & parts,22.9,10.1
2023,727 Food processing machines & parts,32.1,12.1
2024,727 Food processing machines & parts,19.1,13.7
2025,727 Food processing machines & parts,13.8,9.7
2006,728 Specialised machinery & parts,15,17.5
2007,728 Specialised machinery & parts,14.1,18.8
2008,728 Specialised machinery & parts,12.5,19.1
2009,728 Specialised machinery & parts,10.3,17.4
2010,728 Specialised machinery & parts,13.3,17
2011,728 Specialised machinery & parts,6.8,17
2012,728 Specialised machinery & parts,6.8,15.2
2013,728 Specialised machinery & parts,10.3,17.4
2014,728 Specialised machinery & parts,12.4,15.8
2015,728 Specialised machinery & parts,13,12.6
2016,728 Specialised machinery & parts,11.5,13.6
2017,728 Specialised machinery & parts,10.2,11.7
2018,728 Specialised machinery & parts,22.6,12.9
2019,728 Specialised machinery & parts,16,13.3
2020,728 Specialised machinery & parts,18.2,11.9
2021,728 Specialised machinery & parts,19.9,9.7
2022,728 Specialised machinery & parts,14.3,12.4
2023,728 Specialised machinery & parts,15.4,11.6
2024,728 Specialised machinery & parts,18.4,11.1
2025,728 Specialised machinery & parts,20.3,11.7
2006,731 Machine tools for removing metal,28.3,14.1
2007,731 Machine tools for removing metal,21.9,13
2008,731 Machine tools for removing metal,18,10.2
2009,731 Machine tools for removing metal,17.3,15.3
2010,731 Machine tools for removing metal,17.4,13
2011,731 Machine tools for removing metal,17.2,12
2012,731 Machine tools for removing metal,19.3,10.8
2013,731 Machine tools for removing metal,25.4,14
2014,731 Machine tools for removing metal,19.5,16.4
2015,731 Machine tools for removing metal,10.2,14.1
2016,731 Machine tools for removing metal,11.9,10.8
2017,731 Machine tools for removing metal,10.4,9.8
2018,731 Machine tools for removing metal,37.9,9.2
2019,731 Machine tools for removing metal,49.7,9.3
2020,731 Machine tools for removing metal,17.5,11.7
2021,731 Machine tools for removing metal,12.5,8.2
2022,731 Machine tools for removing metal,15.8,6.8
2023,731 Machine tools for removing metal,13.2,8.7
2024,731 Machine tools for removing metal,37.3,8
2025,731 Machine tools for removing metal,35.2,7.1
2006,733 Machine tools for working metal,25.6,5.9
2007,733 Machine tools for working metal,8.6,5.5
2008,733 Machine tools for working metal,6.4,8.2
2009,733 Machine tools for working metal,4.4,10.5
2010,733 Machine tools for working metal,1.7,9.2
2011,733 Machine tools for working metal,4.4,9.8
2012,733 Machine tools for working metal,13.1,9.6
2013,733 Machine tools for working metal,11.1,10.6
2014,733 Machine tools for working metal,8.2,13.5
2015,733 Machine tools for working metal,18.4,6.7
2016,733 Machine tools for working metal,31.4,11.4
2017,733 Machine tools for working metal,27.6,5.1
2018,733 Machine tools for working metal,12.3,6.5
2019,733 Machine tools for working metal,15.8,6.3
2020,733 Machine tools for working metal,36.3,6.4
2021,733 Machine tools for working metal,44.7,5.6
2022,733 Machine tools for working metal,67.3,11.8
2023,733 Machine tools for working metal,58,11.4
2024,733 Machine tools for working metal,67.6,12.9
2025,733 Machine tools for working metal,72.2,7.4
2006,735 Machine tools parts,9.2,18.6
2007,735 Machine tools parts,16.8,13.4
2008,735 Machine tools parts,20.6,31.4
2009,735 Machine tools parts,7.2,26.8
2010,735 Machine tools parts,20.9,13.7
2011,735 Machine tools parts,18.4,12
2012,735 Machine tools parts,27.4,12.3
2013,735 Machine tools parts,20.7,17.7
2014,735 Machine tools parts,16.2,17.6
2015,735 Machine tools parts,15.3,20.3
2016,735 Machine tools parts,19.1,18.8
2017,735 Machine tools parts,14.4,15.7
2018,735 Machine tools parts,17.9,15.6
2019,735 Machine tools parts,27.2,19.3
2020,735 Machine tools parts,14.1,22.3
2021,735 Machine tools parts,9.6,16.7
2022,735 Machine tools parts,13.3,18
2023,735 Machine tools parts,14.8,22.5
2024,735 Machine tools parts,15.4,16.5
2025,735 Machine tools parts,16.6,14.6
2006,737 Metalworking machinery & parts,2.6,21.4
2007,737 Metalworking machinery & parts,2.1,15.5
2008,737 Metalworking machinery & parts,1.7,16.5
2009,737 Metalworking machinery & parts,4.4,14.1
2010,737 Metalworking machinery & parts,4,15.8
2011,737 Metalworking machinery & parts,2.3,17
2012,737 Metalworking machinery & parts,17.2,28.9
2013,737 Metalworking machinery & parts,7.9,27.6
2014,737 Metalworking machinery & parts,14.9,21.3
2015,737 Metalworking machinery & parts,7.8,13.4
2016,737 Metalworking machinery & parts,16.9,11.5
2017,737 Metalworking machinery & parts,8.6,11.7
2018,737 Metalworking machinery & parts,10.9,12.5
2019,737 Metalworking machinery & parts,15.9,13
2020,737 Metalworking machinery & parts,32.5,12.1
2021,737 Metalworking machinery & parts,19.6,11.2
2022,737 Metalworking machinery & parts,16.8,13.3
2023,737 Metalworking machinery & parts,15.1,11.7
2024,737 Metalworking machinery & parts,16.2,9.5
2025,737 Metalworking machinery & parts,7.9,9.7
2006,741 Heating & cooling equipment & parts,3.5,8.2
2007,741 Heating & cooling equipment & parts,7.1,8.7
2008,741 Heating & cooling equipment & parts,4.9,8.7
2009,741 Heating & cooling equipment & parts,11.8,10.7
2010,741 Heating & cooling equipment & parts,9.2,9.4
2011,741 Heating & cooling equipment & parts,6.6,12.1
2012,741 Heating & cooling equipment & parts,8.6,12.9
2013,741 Heating & cooling equipment & parts,7.4,8.8
2014,741 Heating & cooling equipment & parts,17.9,8.6
2015,741 Heating & cooling equipment & parts,15.3,8
2016,741 Heating & cooling equipment & parts,23.6,7.9
2017,741 Heating & cooling equipment & parts,18.9,7.9
2018,741 Heating & cooling equipment & parts,18.4,8.4
2019,741 Heating & cooling equipment & parts,20.4,8.7
2020,741 Heating & cooling equipment & parts,19,8.1
2021,741 Heating & cooling equipment & parts,15.4,7
2022,741 Heating & cooling equipment & parts,19.7,7.2
2023,741 Heating & cooling equipment & parts,20.6,8.5
2024,741 Heating & cooling equipment & parts,17,5.8
2025,741 Heating & cooling equipment & parts,15.1,7
2006,742 Pumps for liquids & parts,12,25
2007,742 Pumps for liquids & parts,9.1,22.1
2008,742 Pumps for liquids & parts,8.1,22.2
2009,742 Pumps for liquids & parts,7.4,21.8
2010,742 Pumps for liquids & parts,7.8,23.3
2011,742 Pumps for liquids & parts,8.3,23.8
2012,742 Pumps for liquids & parts,10.1,25.8
2013,742 Pumps for liquids & parts,8.3,24
2014,742 Pumps for liquids & parts,9.3,27.8
2015,742 Pumps for liquids & parts,9.9,24.3
2016,742 Pumps for liquids & parts,10.3,24.1
2017,742 Pumps for liquids & parts,9.5,22.8
2018,742 Pumps for liquids & parts,9.8,22.9
2019,742 Pumps for liquids & parts,12.4,24
2020,742 Pumps for liquids & parts,11.6,22.4
2021,742 Pumps for liquids & parts,11.7,20.2
2022,742 Pumps for liquids & parts,13.5,22.3
2023,742 Pumps for liquids & parts,11.7,24.1
2024,742 Pumps for liquids & parts,11.5,23.7
2025,742 Pumps for liquids & parts,14.1,22.1
2006,743 Pumps (excl liquid pumps) & parts,19.1,21.4
2007,743 Pumps (excl liquid pumps) & parts,16.9,16.4
2008,743 Pumps (excl liquid pumps) & parts,13.6,21
2009,743 Pumps (excl liquid pumps) & parts,13.4,11.6
2010,743 Pumps (excl liquid pumps) & parts,12.3,17.7
2011,743 Pumps (excl liquid pumps) & parts,12.8,22.8
2012,743 Pumps (excl liquid pumps) & parts,11.9,26.2
2013,743 Pumps (excl liquid pumps) & parts,12.1,19.3
2014,743 Pumps (excl liquid pumps) & parts,12.2,12.2
2015,743 Pumps (excl liquid pumps) & parts,14.1,18.8
2016,743 Pumps (excl liquid pumps) & parts,16.1,18.7
2017,743 Pumps (excl liquid pumps) & parts,19.9,20.7
2018,743 Pumps (excl liquid pumps) & parts,18.6,19.3
2019,743 Pumps (excl liquid pumps) & parts,20.4,19.4
2020,743 Pumps (excl liquid pumps) & parts,17.3,17.2
2021,743 Pumps (excl liquid pumps) & parts,24.6,17.5
2022,743 Pumps (excl liquid pumps) & parts,26,17.6
2023,743 Pumps (excl liquid pumps) & parts,22.6,19.5
2024,743 Pumps (excl liquid pumps) & parts,21.3,18.3
2025,743 Pumps (excl liquid pumps) & parts,16.7,16.9
2006,744 Mechanical handling equip & parts,9,18.3
2007,744 Mechanical handling equip & parts,7.8,18.2
2008,744 Mechanical handling equip & parts,7.8,16.8
2009,744 Mechanical handling equip & parts,6,12.9
2010,744 Mechanical handling equip & parts,5,17
2011,744 Mechanical handling equip & parts,9.4,19.6
2012,744 Mechanical handling equip & parts,10.5,18.1
2013,744 Mechanical handling equip & parts,2.4,11.9
2014,744 Mechanical handling equip & parts,6.8,10.7
2015,744 Mechanical handling equip & parts,12.2,12.5
2016,744 Mechanical handling equip & parts,8.4,10.6
2017,744 Mechanical handling equip & parts,6.9,11.2
2018,744 Mechanical handling equip & parts,6.6,10.8
2019,744 Mechanical handling equip & parts,8.3,10.5
2020,744 Mechanical handling equip & parts,6.7,10.6
2021,744 Mechanical handling equip & parts,6.5,7.5
2022,744 Mechanical handling equip & parts,7.1,7.5
2023,744 Mechanical handling equip & parts,8,7.7
2024,744 Mechanical handling equip & parts,8.9,8.5
2025,744 Mechanical handling equip & parts,14.2,8.4
2006,745 Non-electrical machinery & parts,22.2,23.2
2007,745 Non-electrical machinery & parts,14.7,22.5
2008,745 Non-electrical machinery & parts,14.1,26.7
2009,745 Non-electrical machinery & parts,17.9,26.6
2010,745 Non-electrical machinery & parts,17.1,24.4
2011,745 Non-electrical machinery & parts,11.8,22.3
2012,745 Non-electrical machinery & parts,17.2,26.5
2013,745 Non-electrical machinery & parts,15.2,22.1
2014,745 Non-electrical machinery & parts,17.6,22.4
2015,745 Non-electrical machinery & parts,15,21.6
2016,745 Non-electrical machinery & parts,18.4,21.3
2017,745 Non-electrical machinery & parts,19,18.9
2018,745 Non-electrical machinery & parts,16.2,19.5
2019,745 Non-electrical machinery & parts,16.9,19.2
2020,745 Non-electrical machinery & parts,18.6,19.1
2021,745 Non-electrical machinery & parts,18.7,18.2
2022,745 Non-electrical machinery & parts,19.5,21.5
2023,745 Non-electrical machinery & parts,29,26.3
2024,745 Non-electrical machinery & parts,25.1,19.6
2025,745 Non-electrical machinery & parts,29.7,20.1
2006,746 Ball or roller bearings,10.7,26
2007,746 Ball or roller bearings,14.1,26.6
2008,746 Ball or roller bearings,13.5,33.2
2009,746 Ball or roller bearings,15.1,30
2010,746 Ball or roller bearings,8.9,34.6
2011,746 Ball or roller bearings,7.6,32.4
2012,746 Ball or roller bearings,13.7,31.3
2013,746 Ball or roller bearings,8.6,33.7
2014,746 Ball or roller bearings,8,30.6
2015,746 Ball or roller bearings,17.7,35.9
2016,746 Ball or roller bearings,15.9,33.2
2017,746 Ball or roller bearings,11.6,35.4
2018,746 Ball or roller bearings,13.4,35
2019,746 Ball or roller bearings,13.8,30.9
2020,746 Ball or roller bearings,8.9,27.8
2021,746 Ball or roller bearings,10.4,25.9
2022,746 Ball or roller bearings,9.9,29.4
2023,746 Ball or roller bearings,14,28.7
2024,746 Ball or roller bearings,15,30.1
2025,746 Ball or roller bearings,19.1,21.2
2006,"747 Taps, cocks & valves",13.5,24.8
2007,"747 Taps, cocks & valves",12.9,20.8
2008,"747 Taps, cocks & valves",11.7,20
2009,"747 Taps, cocks & valves",12,19.1
2010,"747 Taps, cocks & valves",11,22.2
2011,"747 Taps, cocks & valves",12.2,23.6
2012,"747 Taps, cocks & valves",13.5,21
2013,"747 Taps, cocks & valves",12,19.6
2014,"747 Taps, cocks & valves",15.7,22.3
2015,"747 Taps, cocks & valves",16.5,19.4
2016,"747 Taps, cocks & valves",17.3,22
2017,"747 Taps, cocks & valves",17.4,20.8
2018,"747 Taps, cocks & valves",17,18.8
2019,"747 Taps, cocks & valves",16.2,21.5
2020,"747 Taps, cocks & valves",15.8,19.5
2021,"747 Taps, cocks & valves",18.1,15.5
2022,"747 Taps, cocks & valves",18.2,19.4
2023,"747 Taps, cocks & valves",18.2,22.8
2024,"747 Taps, cocks & valves",18.4,23.3
2025,"747 Taps, cocks & valves",14.1,21.9
2006,748 Transmission shafts & parts,22.8,32.3
2007,748 Transmission shafts & parts,22.1,29.4
2008,748 Transmission shafts & parts,20.9,30.5
2009,748 Transmission shafts & parts,19.3,29
2010,748 Transmission shafts & parts,14.3,33.8
2011,748 Transmission shafts & parts,13.8,32.3
2012,748 Transmission shafts & parts,14,31.1
2013,748 Transmission shafts & parts,11.3,27.6
2014,748 Transmission shafts & parts,17.7,29.5
2015,748 Transmission shafts & parts,20.7,32.3
2016,748 Transmission shafts & parts,21.1,30.3
2017,748 Transmission shafts & parts,18.6,32
2018,748 Transmission shafts & parts,16.7,30.1
2019,748 Transmission shafts & parts,15.7,27.4
2020,748 Transmission shafts & parts,17.2,25.1
2021,748 Transmission shafts & parts,16.9,25.8
2022,748 Transmission shafts & parts,16.5,28.4
2023,748 Transmission shafts & parts,24.5,26
2024,748 Transmission shafts & parts,20.6,25.5
2025,748 Transmission shafts & parts,20.4,26.2
2006,749 Non-electric parts for machinery,17.7,31.5
2007,749 Non-electric parts for machinery,26.3,31.1
2008,749 Non-electric parts for machinery,18,32.1
2009,749 Non-electric parts for machinery,12.7,30.4
2010,749 Non-electric parts for machinery,11.7,31.1
2011,749 Non-electric parts for machinery,6.1,27.7
2012,749 Non-electric parts for machinery,9.4,25.7
2013,749 Non-electric parts for machinery,19.7,25.9
2014,749 Non-electric parts for machinery,16.8,24.2
2015,749 Non-electric parts for machinery,28.8,31.2
2016,749 Non-electric parts for machinery,26.4,27.2
2017,749 Non-electric parts for machinery,14.5,25
2018,749 Non-electric parts for machinery,11.9,25.7
2019,749 Non-electric parts for machinery,26.3,26.6
2020,749 Non-electric parts for machinery,25.7,30.1
2021,749 Non-electric parts for machinery,21.2,26.5
2022,749 Non-electric parts for machinery,23.7,26.8
2023,749 Non-electric parts for machinery,20.2,26.6
2024,749 Non-electric parts for machinery,16.9,26.4
2025,749 Non-electric parts for machinery,12.5,26.8
2006,751 Office machines,10.2,10.7
2007,751 Office machines,13.6,4.9
2008,751 Office machines,9.4,5.1
2009,751 Office machines,6.9,6.3
2010,751 Office machines,5.2,4.6
2011,751 Office machines,5.6,3.9
2012,751 Office machines,4.5,3.5
2013,751 Office machines,3.5,3.8
2014,751 Office machines,1.6,3.9
2015,751 Office machines,2.9,3.6
2016,751 Office machines,7.2,3.7
2017,751 Office machines,6,3.1
2018,751 Office machines,4.5,3
2019,751 Office machines,4,2.7
2020,751 Office machines,4.9,2.1
2021,751 Office machines,3.2,2.2
2022,751 Office machines,6.5,2.1
2023,751 Office machines,3.9,2.5
2024,751 Office machines,6.5,2.4
2025,751 Office machines,5.3,2.3
2006,752 Computers,10.2,15.2
2007,752 Computers,14.2,17
2008,752 Computers,12.8,9.2
2009,752 Computers,14.6,9
2010,752 Computers,11.3,7.2
2011,752 Computers,15.2,6.7
2012,752 Computers,14,6.6
2013,752 Computers,13,6.4
2014,752 Computers,10.5,7.9
2015,752 Computers,12.4,8.5
2016,752 Computers,13.9,8.6
2017,752 Computers,13.2,8
2018,752 Computers,10.8,7.5
2019,752 Computers,10.2,6.8
2020,752 Computers,9.6,5.8
2021,752 Computers,12.1,4.5
2022,752 Computers,14.1,5.5
2023,752 Computers,9.2,8.4
2024,752 Computers,10.4,14.8
2025,752 Computers,8.9,17.1
2006,759 Computer parts & accessories,12.8,16.9
2007,759 Computer parts & accessories,10.3,16.5
2008,759 Computer parts & accessories,11.7,12.5
2009,759 Computer parts & accessories,8.1,11.8
2010,759 Computer parts & accessories,7.6,8.9
2011,759 Computer parts & accessories,6.1,10.4
2012,759 Computer parts & accessories,7,14
2013,759 Computer parts & accessories,10,10.2
2014,759 Computer parts & accessories,9.8,10.2
2015,759 Computer parts & accessories,6.8,8.4
2016,759 Computer parts & accessories,8.1,7.6
2017,759 Computer parts & accessories,9.7,7
2018,759 Computer parts & accessories,8.7,12.9
2019,759 Computer parts & accessories,13.6,7
2020,759 Computer parts & accessories,9.3,5.3
2021,759 Computer parts & accessories,10.1,3.5
2022,759 Computer parts & accessories,9.4,5.2
2023,759 Computer parts & accessories,10.2,7.6
2024,759 Computer parts & accessories,8.6,4.8
2025,759 Computer parts & accessories,4.1,4.3
2006,"761 Monitors, projectors & TVs",11.5,0.8
2007,"761 Monitors, projectors & TVs",6.9,0.8
2008,"761 Monitors, projectors & TVs",5.2,1.1
2009,"761 Monitors, projectors & TVs",12.9,0.8
2010,"761 Monitors, projectors & TVs",6.4,0.8
2011,"761 Monitors, projectors & TVs",9.2,1
2012,"761 Monitors, projectors & TVs",8.1,1.4
2013,"761 Monitors, projectors & TVs",9.4,1.7
2014,"761 Monitors, projectors & TVs",7.9,2.2
2015,"761 Monitors, projectors & TVs",7.1,2.8
2016,"761 Monitors, projectors & TVs",14.6,2.6
2017,"761 Monitors, projectors & TVs",11.8,2.6
2018,"761 Monitors, projectors & TVs",13.9,2.2
2019,"761 Monitors, projectors & TVs",13.4,2
2020,"761 Monitors, projectors & TVs",14.6,1.8
2021,"761 Monitors, projectors & TVs",9.7,1.8
2022,"761 Monitors, projectors & TVs",17.5,1.6
2023,"761 Monitors, projectors & TVs",11,3
2024,"761 Monitors, projectors & TVs",15.4,3
2025,"761 Monitors, projectors & TVs",13.8,2.1
2006,762 Radio broadcast receivers,10.6,1.8
2007,762 Radio broadcast receivers,24.1,2.8
2008,762 Radio broadcast receivers,11.7,6.7
2009,762 Radio broadcast receivers,20.2,6.6
2010,762 Radio broadcast receivers,12.1,3.8
2011,762 Radio broadcast receivers,16,4.2
2012,762 Radio broadcast receivers,10,4.7
2013,762 Radio broadcast receivers,9.8,8.3
2014,762 Radio broadcast receivers,17.3,2
2015,762 Radio broadcast receivers,33.2,1.5
2016,762 Radio broadcast receivers,9.4,5.1
2017,762 Radio broadcast receivers,17.5,8.9
2018,762 Radio broadcast receivers,22.8,5.1
2019,762 Radio broadcast receivers,17.4,7.8
2020,762 Radio broadcast receivers,21.7,16.7
2021,762 Radio broadcast receivers,34.4,11.7
2022,762 Radio broadcast receivers,23.9,6.2
2023,762 Radio broadcast receivers,37.1,5.9
2024,762 Radio broadcast receivers,63.3,20.6
2025,762 Radio broadcast receivers,31.7,12.6
2006,763 Sound & video recorders,11,3.8
2007,763 Sound & video recorders,10.1,2.6
2008,763 Sound & video recorders,12.8,1.8
2009,763 Sound & video recorders,9.5,1.4
2010,763 Sound & video recorders,10.2,1.6
2011,763 Sound & video recorders,23.9,2.1
2012,763 Sound & video recorders,19.8,2.3
2013,763 Sound & video recorders,12.5,2.8
2014,763 Sound & video recorders,8.7,3.8
2015,763 Sound & video recorders,16.8,4
2016,763 Sound & video recorders,10.1,4.8
2017,763 Sound & video recorders,15.5,6
2018,763 Sound & video recorders,14.7,6.3
2019,763 Sound & video recorders,46.9,7.3
2020,763 Sound & video recorders,43.6,6.5
2021,763 Sound & video recorders,16.3,9.1
2022,763 Sound & video recorders,13.6,5.9
2023,763 Sound & video recorders,15.9,8
2024,763 Sound & video recorders,18.1,9.7
2025,763 Sound & video recorders,37.9,7.5
2006,764 Telecom equipment & parts,13.5,9.5
2007,764 Telecom equipment & parts,21.2,10.2
2008,764 Telecom equipment & parts,27.5,10.6
2009,764 Telecom equipment & parts,23.2,10.9
2010,764 Telecom equipment & parts,20.1,9.3
2011,764 Telecom equipment & parts,16.5,9.5
2012,764 Telecom equipment & parts,19,9.7
2013,764 Telecom equipment & parts,19.6,9
2014,764 Telecom equipment & parts,19.7,10.1
2015,764 Telecom equipment & parts,18.2,10.4
2016,764 Telecom equipment & parts,17.1,8.6
2017,764 Telecom equipment & parts,14.2,7.9
2018,764 Telecom equipment & parts,14.9,8.2
2019,764 Telecom equipment & parts,13,8.4
2020,764 Telecom equipment & parts,13,8.4
2021,764 Telecom equipment & parts,11.6,7.4
2022,764 Telecom equipment & parts,13.9,7.8
2023,764 Telecom equipment & parts,13.9,9.4
2024,764 Telecom equipment & parts,14.6,9.4
2025,764 Telecom equipment & parts,10.4,10.8
2006,771 Electric power machinery & parts,4.7,10.3
2007,771 Electric power machinery & parts,9.4,9.9
2008,771 Electric power machinery & parts,10.1,8
2009,771 Electric power machinery & parts,10.6,6.7
2010,771 Electric power machinery & parts,11.6,5.1
2011,771 Electric power machinery & parts,12.1,8.4
2012,771 Electric power machinery & parts,12.9,7.9
2013,771 Electric power machinery & parts,9.5,6.8
2014,771 Electric power machinery & parts,13.7,7.7
2015,771 Electric power machinery & parts,15.7,7.5
2016,771 Electric power machinery & parts,20,8.4
2017,771 Electric power machinery & parts,13.8,7.3
2018,771 Electric power machinery & parts,17.5,6.3
2019,771 Electric power machinery & parts,14.1,7.2
2020,771 Electric power machinery & parts,11.9,6.4
2021,771 Electric power machinery & parts,16.6,5.9
2022,771 Electric power machinery & parts,17.5,6.3
2023,771 Electric power machinery & parts,18.7,7.1
2024,771 Electric power machinery & parts,17.7,7.9
2025,771 Electric power machinery & parts,20.5,5.9
2006,772 Electrical circuits equipment,8.7,19.5
2007,772 Electrical circuits equipment,8,16.4
2008,772 Electrical circuits equipment,7.8,14.7
2009,772 Electrical circuits equipment,7.9,15.8
2010,772 Electrical circuits equipment,9.8,15.5
2011,772 Electrical circuits equipment,11.7,13.3
2012,772 Electrical circuits equipment,11.9,15.7
2013,772 Electrical circuits equipment,9.6,14.9
2014,772 Electrical circuits equipment,13.8,16.4
2015,772 Electrical circuits equipment,12.7,17.9
2016,772 Electrical circuits equipment,12.7,18.9
2017,772 Electrical circuits equipment,12.6,17.5
2018,772 Electrical circuits equipment,13.4,15.5
2019,772 Electrical circuits equipment,12.3,17
2020,772 Electrical circuits equipment,13.6,13.9
2021,772 Electrical circuits equipment,13,11.7
2022,772 Electrical circuits equipment,14.2,13.7
2023,772 Electrical circuits equipment,14.8,15.2
2024,772 Electrical circuits equipment,16.8,14.2
2025,772 Electrical circuits equipment,13.7,13.8
2006,773 Electrical distributing equipment,5,6.9
2007,773 Electrical distributing equipment,4.3,7.1
2008,773 Electrical distributing equipment,4.2,6.9
2009,773 Electrical distributing equipment,6,9.7
2010,773 Electrical distributing equipment,5.4,8.6
2011,773 Electrical distributing equipment,8.9,9
2012,773 Electrical distributing equipment,8,9.2
2013,773 Electrical distributing equipment,10.9,9
2014,773 Electrical distributing equipment,6.6,8.2
2015,773 Electrical distributing equipment,5.8,11.5
2016,773 Electrical distributing equipment,6.4,10.5
2017,773 Electrical distributing equipment,7.6,7.6
2018,773 Electrical distributing equipment,8.9,6.4
2019,773 Electrical distributing equipment,8.2,8.6
2020,773 Electrical distributing equipment,7.4,9
2021,773 Electrical distributing equipment,8.7,5.9
2022,773 Electrical distributing equipment,10.6,6.5
2023,773 Electrical distributing equipment,13,6.8
2024,773 Electrical distributing equipment,11.9,7.6
2025,773 Electrical distributing equipment,15,7.3
2006,774 Medical electrodiagnostic apparatus,26.4,41.4
2007,774 Medical electrodiagnostic apparatus,26.8,38.5
2008,774 Medical electrodiagnostic apparatus,15.6,40.5
2009,774 Medical electrodiagnostic apparatus,11.2,39.5
2010,774 Medical electrodiagnostic apparatus,8.8,40.9
2011,774 Medical electrodiagnostic apparatus,12.3,40
2012,774 Medical electrodiagnostic apparatus,17.2,40.4
2013,774 Medical electrodiagnostic apparatus,16.7,36.5
2014,774 Medical electrodiagnostic apparatus,16.8,34.3
2015,774 Medical electrodiagnostic apparatus,19.9,34.1
2016,774 Medical electrodiagnostic apparatus,16.9,31.6
2017,774 Medical electrodiagnostic apparatus,16.2,36.5
2018,774 Medical electrodiagnostic apparatus,18.2,33.2
2019,774 Medical electrodiagnostic apparatus,21,31.2
2020,774 Medical electrodiagnostic apparatus,26.9,31.5
2021,774 Medical electrodiagnostic apparatus,23,30.1
2022,774 Medical electrodiagnostic apparatus,21,27.7
2023,774 Medical electrodiagnostic apparatus,22.5,28
2024,774 Medical electrodiagnostic apparatus,24.4,28.6
2025,774 Medical electrodiagnostic apparatus,28.3,26.8
2006,"775 Household-type equipment, nes",6.8,3.4
2007,"775 Household-type equipment, nes",8.3,2.6
2008,"775 Household-type equipment, nes",4.2,2.9
2009,"775 Household-type equipment, nes",2.9,2.9
2010,"775 Household-type equipment, nes",1.3,2.9
2011,"775 Household-type equipment, nes",1.7,2.9
2012,"775 Household-type equipment, nes",1.3,2.6
2013,"775 Household-type equipment, nes",2,3
2014,"775 Household-type equipment, nes",1.8,2.3
2015,"775 Household-type equipment, nes",5.3,2.2
2016,"775 Household-type equipment, nes",2,2.1
2017,"775 Household-type equipment, nes",2.7,2.2
2018,"775 Household-type equipment, nes",2.2,2.4
2019,"775 Household-type equipment, nes",5,2.2
2020,"775 Household-type equipment, nes",8.4,1.7
2021,"775 Household-type equipment, nes",11.7,1.9
2022,"775 Household-type equipment, nes",7,1.8
2023,"775 Household-type equipment, nes",13,1.8
2024,"775 Household-type equipment, nes",21.4,1.6
2025,"775 Household-type equipment, nes",27.7,1.7
2006,776 Electronic integrated circuits,13.1,12.2
2007,776 Electronic integrated circuits,8.9,11.2
2008,776 Electronic integrated circuits,6.8,10.9
2009,776 Electronic integrated circuits,13.1,7.8
2010,776 Electronic integrated circuits,13.2,4
2011,776 Electronic integrated circuits,12.8,3.7
2012,776 Electronic integrated circuits,9.4,4.6
2013,776 Electronic integrated circuits,12.9,5.1
2014,776 Electronic integrated circuits,13.3,5
2015,776 Electronic integrated circuits,13.4,5.7
2016,776 Electronic integrated circuits,12,6.9
2017,776 Electronic integrated circuits,9.9,4.5
2018,776 Electronic integrated circuits,11.5,2.7
2019,776 Electronic integrated circuits,11.2,3.2
2020,776 Electronic integrated circuits,16.9,3.2
2021,776 Electronic integrated circuits,17.5,2.6
2022,776 Electronic integrated circuits,25.8,2.7
2023,776 Electronic integrated circuits,18.4,3
2024,776 Electronic integrated circuits,13.5,2.8
2025,776 Electronic integrated circuits,19.2,5.8
2006,"778 Electrical machinery & parts, nes",16.3,17.6
2007,"778 Electrical machinery & parts, nes",15.4,15.4
2008,"778 Electrical machinery & parts, nes",15.6,15.8
2009,"778 Electrical machinery & parts, nes",16.8,18.5
2010,"778 Electrical machinery & parts, nes",17.8,17.8
2011,"778 Electrical machinery & parts, nes",17.9,15.6
2012,"778 Electrical machinery & parts, nes",17.2,17.4
2013,"778 Electrical machinery & parts, nes",19.5,15.8
2014,"778 Electrical machinery & parts, nes",15.9,16.8
2015,"778 Electrical machinery & parts, nes",17.3,16.3
2016,"778 Electrical machinery & parts, nes",19.8,16.7
2017,"778 Electrical machinery & parts, nes",20.1,15.8
2018,"778 Electrical machinery & parts, nes",19.3,14
2019,"778 Electrical machinery & parts, nes",17.5,16.2
2020,"778 Electrical machinery & parts, nes",18.2,11.5
2021,"778 Electrical machinery & parts, nes",20.9,15.1
2022,"778 Electrical machinery & parts, nes",18.5,13.5
2023,"778 Electrical machinery & parts, nes",25.4,17.6
2024,"778 Electrical machinery & parts, nes",21.4,23.6
2025,"778 Electrical machinery & parts, nes",18.1,13.7
2006,781 Passenger motor vehicles,8.6,4.1
2007,781 Passenger motor vehicles,5.2,6.2
2008,781 Passenger motor vehicles,28.3,6.7
2009,781 Passenger motor vehicles,1.5,4.3
2010,781 Passenger motor vehicles,0.4,4.9
2011,781 Passenger motor vehicles,4.5,6.8
2012,781 Passenger motor vehicles,4.5,7
2013,781 Passenger motor vehicles,12,9.5
2014,781 Passenger motor vehicles,6.3,12.6
2015,781 Passenger motor vehicles,9.5,12.2
2016,781 Passenger motor vehicles,5.6,9.8
2017,781 Passenger motor vehicles,9.2,10.2
2018,781 Passenger motor vehicles,6.4,9.1
2019,781 Passenger motor vehicles,5.1,10.4
2020,781 Passenger motor vehicles,5.8,7.1
2021,781 Passenger motor vehicles,3.8,7.8
2022,781 Passenger motor vehicles,4.7,7.3
2023,781 Passenger motor vehicles,8.7,5.7
2024,781 Passenger motor vehicles,6.8,5.1
2025,781 Passenger motor vehicles,6.4,5
2006,782 Goods vehicles,1,20.9
2007,782 Goods vehicles,8.9,14.2
2008,782 Goods vehicles,6.5,14.3
2009,782 Goods vehicles,10.3,12.4
2010,782 Goods vehicles,3.2,16.1
2011,782 Goods vehicles,9.6,26.3
2012,782 Goods vehicles,16.9,28.1
2013,782 Goods vehicles,14.2,11.1
2014,782 Goods vehicles,11,7.6
2015,782 Goods vehicles,13.4,6.4
2016,782 Goods vehicles,9.7,4.5
2017,782 Goods vehicles,2.9,3.9
2018,782 Goods vehicles,1.3,6.8
2019,782 Goods vehicles,3.2,9.9
2020,782 Goods vehicles,1.8,12.3
2021,782 Goods vehicles,2.6,8.5
2022,782 Goods vehicles,5,12.6
2023,782 Goods vehicles,1.7,12.4
2024,782 Goods vehicles,4,14.4
2025,782 Goods vehicles,4.8,15.1
2006,"783 Road motor vehicles, nes",0.1,40.1
2007,"783 Road motor vehicles, nes",0,48.5
2008,"783 Road motor vehicles, nes",0,29.1
2009,"783 Road motor vehicles, nes",0,2.3
2010,"783 Road motor vehicles, nes",0,1.7
2011,"783 Road motor vehicles, nes",0,0.7
2012,"783 Road motor vehicles, nes",0.7,0.7
2013,"783 Road motor vehicles, nes",0.4,0.9
2014,"783 Road motor vehicles, nes",0,0.4
2015,"783 Road motor vehicles, nes",0.6,18.4
2016,"783 Road motor vehicles, nes",1.6,14.4
2017,"783 Road motor vehicles, nes",0.6,13.8
2018,"783 Road motor vehicles, nes",0,16
2019,"783 Road motor vehicles, nes",1.1,11
2020,"783 Road motor vehicles, nes",2,16.7
2021,"783 Road motor vehicles, nes",0,19.7
2022,"783 Road motor vehicles, nes",0,8.9
2023,"783 Road motor vehicles, nes",0,10.7
2024,"783 Road motor vehicles, nes",1.2,16.1
2025,"783 Road motor vehicles, nes",1.2,8.5
2006,784 Vehicle parts & accessories,22.3,21.5
2007,784 Vehicle parts & accessories,18.5,22.4
2008,784 Vehicle parts & accessories,16.5,18.9
2009,784 Vehicle parts & accessories,12.9,15.4
2010,784 Vehicle parts & accessories,16,17.9
2011,784 Vehicle parts & accessories,14.9,17.5
2012,784 Vehicle parts & accessories,14.6,19.2
2013,784 Vehicle parts & accessories,16.4,18.1
2014,784 Vehicle parts & accessories,17.2,18.2
2015,784 Vehicle parts & accessories,23.6,19.4
2016,784 Vehicle parts & accessories,22.1,17.6
2017,784 Vehicle parts & accessories,19,20.5
2018,784 Vehicle parts & accessories,16.6,23
2019,784 Vehicle parts & accessories,15.4,23.1
2020,784 Vehicle parts & accessories,19.8,24.6
2021,784 Vehicle parts & accessories,19.7,19.9
2022,784 Vehicle parts & accessories,16.6,20.5
2023,784 Vehicle parts & accessories,14.6,20.1
2024,784 Vehicle parts & accessories,15.9,23.2
2025,784 Vehicle parts & accessories,15.6,23.2
2006,785 Motorcycles & cycles,73.1,18.1
2007,785 Motorcycles & cycles,63.7,17.9
2008,785 Motorcycles & cycles,65.5,18.1
2009,785 Motorcycles & cycles,57.3,18
2010,785 Motorcycles & cycles,56.6,15.9
2011,785 Motorcycles & cycles,56.6,18.6
2012,785 Motorcycles & cycles,51.8,22
2013,785 Motorcycles & cycles,39,21.3
2014,785 Motorcycles & cycles,35.7,20.1
2015,785 Motorcycles & cycles,32.9,18.4
2016,785 Motorcycles & cycles,36,19.4
2017,785 Motorcycles & cycles,37.4,17.9
2018,785 Motorcycles & cycles,45.2,16.4
2019,785 Motorcycles & cycles,24.7,14.7
2020,785 Motorcycles & cycles,18.1,12.5
2021,785 Motorcycles & cycles,19,11.2
2022,785 Motorcycles & cycles,23.5,5.3
2023,785 Motorcycles & cycles,25.8,6.7
2024,785 Motorcycles & cycles,27.1,5.4
2025,785 Motorcycles & cycles,23,5.7
2006,"786 Trailers, semi-trailers & containers",9.6,15.3
2007,"786 Trailers, semi-trailers & containers",9.6,13.2
2008,"786 Trailers, semi-trailers & containers",11.7,11.5
2009,"786 Trailers, semi-trailers & containers",17.1,12.6
2010,"786 Trailers, semi-trailers & containers",12.4,12.2
2011,"786 Trailers, semi-trailers & containers",6.1,14.5
2012,"786 Trailers, semi-trailers & containers",7.5,12.9
2013,"786 Trailers, semi-trailers & containers",10.5,11.2
2014,"786 Trailers, semi-trailers & containers",12.1,10
2015,"786 Trailers, semi-trailers & containers",4.1,11.1
2016,"786 Trailers, semi-trailers & containers",4.2,7.9
2017,"786 Trailers, semi-trailers & containers",5.3,10.5
2018,"786 Trailers, semi-trailers & containers",8.5,9
2019,"786 Trailers, semi-trailers & containers",5.9,6.1
2020,"786 Trailers, semi-trailers & containers",12.2,7.7
2021,"786 Trailers, semi-trailers & containers",18.8,6.5
2022,"786 Trailers, semi-trailers & containers",17.3,6
2023,"786 Trailers, semi-trailers & containers",12.3,6.4
2024,"786 Trailers, semi-trailers & containers",26.2,7.1
2025,"786 Trailers, semi-trailers & containers",17.3,6.3
2006,791 Railway vehicles (incl hovertrains),29.1,40.1
2007,791 Railway vehicles (incl hovertrains),10.1,33.3
2008,791 Railway vehicles (incl hovertrains),29.8,31.7
2009,791 Railway vehicles (incl hovertrains),16.5,17.5
2010,791 Railway vehicles (incl hovertrains),12.5,9.1
2011,791 Railway vehicles (incl hovertrains),11,13.7
2012,791 Railway vehicles (incl hovertrains),6.4,13.6
2013,791 Railway vehicles (incl hovertrains),7.6,6.7
2014,791 Railway vehicles (incl hovertrains),5.3,21.1
2015,791 Railway vehicles (incl hovertrains),40.2,17.8
2016,791 Railway vehicles (incl hovertrains),16.5,15.6
2017,791 Railway vehicles (incl hovertrains),11.3,7.8
2018,791 Railway vehicles (incl hovertrains),25,7.2
2019,791 Railway vehicles (incl hovertrains),4.1,15.2
2020,791 Railway vehicles (incl hovertrains),7.6,10.7
2021,791 Railway vehicles (incl hovertrains),6.4,10.6
2022,791 Railway vehicles (incl hovertrains),5.4,8.4
2023,791 Railway vehicles (incl hovertrains),4.8,15
2024,791 Railway vehicles (incl hovertrains),6.1,19.9
2025,791 Railway vehicles (incl hovertrains),5.4,14.3
2006,"792 Aircraft, spacecraft & parts",44.4,60.7
2007,"792 Aircraft, spacecraft & parts",51.8,49.1
2008,"792 Aircraft, spacecraft & parts",55.4,53
2009,"792 Aircraft, spacecraft & parts",47.1,63.5
2010,"792 Aircraft, spacecraft & parts",45.9,72
2011,"792 Aircraft, spacecraft & parts",53.1,62.7
2012,"792 Aircraft, spacecraft & parts",57.7,54.8
2013,"792 Aircraft, spacecraft & parts",50.6,44
2014,"792 Aircraft, spacecraft & parts",50,44.5
2015,"792 Aircraft, spacecraft & parts",54.9,55.8
2016,"792 Aircraft, spacecraft & parts",53,58.6
2017,"792 Aircraft, spacecraft & parts",47,65.6
2018,"792 Aircraft, spacecraft & parts",48.5,54.4
2019,"792 Aircraft, spacecraft & parts",50,67.3
2020,"792 Aircraft, spacecraft & parts",47.1,76.8
2021,"792 Aircraft, spacecraft & parts",51.1,80.1
2022,"792 Aircraft, spacecraft & parts",50.6,71.4
2023,"792 Aircraft, spacecraft & parts",45.8,60
2024,"792 Aircraft, spacecraft & parts",38,71.3
2025,"792 Aircraft, spacecraft & parts",46.6,63.3
2006,"793 Ships, boats & floating structures",26.1,17.2
2007,"793 Ships, boats & floating structures",25.9,24
2008,"793 Ships, boats & floating structures",19.7,16.6
2009,"793 Ships, boats & floating structures",14,9.8
2010,"793 Ships, boats & floating structures",18.3,24.3
2011,"793 Ships, boats & floating structures",13,12.7
2012,"793 Ships, boats & floating structures",17.7,8.5
2013,"793 Ships, boats & floating structures",22.1,20.4
2014,"793 Ships, boats & floating structures",15.3,7.5
2015,"793 Ships, boats & floating structures",19.7,13.6
2016,"793 Ships, boats & floating structures",33.1,9.3
2017,"793 Ships, boats & floating structures",22.2,0.6
2018,"793 Ships, boats & floating structures",15.8,18.6
2019,"793 Ships, boats & floating structures",17,8.7
2020,"793 Ships, boats & floating structures",30.6,8
2021,"793 Ships, boats & floating structures",26.9,5.4
2022,"793 Ships, boats & floating structures",34.7,14.9
2023,"793 Ships, boats & floating structures",32.6,15.3
2024,"793 Ships, boats & floating structures",32.9,9.9
2025,"793 Ships, boats & floating structures",31.7,3
2006,811 Prefabricated buildings,7.1,6.9
2007,811 Prefabricated buildings,3.3,1.7
2008,811 Prefabricated buildings,2.2,3.9
2009,811 Prefabricated buildings,0.4,3.8
2010,811 Prefabricated buildings,0.9,2.8
2011,811 Prefabricated buildings,2.1,1.3
2012,811 Prefabricated buildings,0.1,1.1
2013,811 Prefabricated buildings,0.1,5.4
2014,811 Prefabricated buildings,2.5,1.5
2015,811 Prefabricated buildings,0.6,3.4
2016,811 Prefabricated buildings,0.5,6.6
2017,811 Prefabricated buildings,1.4,1.5
2018,811 Prefabricated buildings,2.6,4.4
2019,811 Prefabricated buildings,5.8,4.7
2020,811 Prefabricated buildings,4.3,4.9
2021,811 Prefabricated buildings,5.1,1.5
2022,811 Prefabricated buildings,0.5,2.2
2023,811 Prefabricated buildings,8.6,2.4
2024,811 Prefabricated buildings,4.5,2.1
2025,811 Prefabricated buildings,2,1
2006,"812 Sanitary, plumbing & heating fittings",0.5,1.4
2007,"812 Sanitary, plumbing & heating fittings",1.7,0.7
2008,"812 Sanitary, plumbing & heating fittings",0.9,0.9
2009,"812 Sanitary, plumbing & heating fittings",1.3,1.2
2010,"812 Sanitary, plumbing & heating fittings",1,1.4
2011,"812 Sanitary, plumbing & heating fittings",2.8,1.8
2012,"812 Sanitary, plumbing & heating fittings",3,2.4
2013,"812 Sanitary, plumbing & heating fittings",3.2,2.3
2014,"812 Sanitary, plumbing & heating fittings",3.3,1.6
2015,"812 Sanitary, plumbing & heating fittings",0.5,1.3
2016,"812 Sanitary, plumbing & heating fittings",0.5,0.9
2017,"812 Sanitary, plumbing & heating fittings",2.2,0.5
2018,"812 Sanitary, plumbing & heating fittings",5.9,0.6
2019,"812 Sanitary, plumbing & heating fittings",4,0.8
2020,"812 Sanitary, plumbing & heating fittings",2.7,0.3
2021,"812 Sanitary, plumbing & heating fittings",1.9,0.6
2022,"812 Sanitary, plumbing & heating fittings",2.6,0.4
2023,"812 Sanitary, plumbing & heating fittings",3.1,1
2024,"812 Sanitary, plumbing & heating fittings",7.3,0.9
2025,"812 Sanitary, plumbing & heating fittings",1.4,0.7
2006,813 Lighting fixtures & fittings,5.9,6.6
2007,813 Lighting fixtures & fittings,6,5.4
2008,813 Lighting fixtures & fittings,7.2,5.5
2009,813 Lighting fixtures & fittings,5.8,5
2010,813 Lighting fixtures & fittings,6.8,4.9
2011,813 Lighting fixtures & fittings,7,5.3
2012,813 Lighting fixtures & fittings,7.4,5.1
2013,813 Lighting fixtures & fittings,7.3,4.9
2014,813 Lighting fixtures & fittings,10.4,4.3
2015,813 Lighting fixtures & fittings,14.4,4.7
2016,813 Lighting fixtures & fittings,13.7,4.7
2017,813 Lighting fixtures & fittings,13.5,3.3
2018,813 Lighting fixtures & fittings,16.8,3.4
2019,813 Lighting fixtures & fittings,20.2,2.9
2020,813 Lighting fixtures & fittings,20.5,2.5
2021,813 Lighting fixtures & fittings,29.6,2.5
2022,813 Lighting fixtures & fittings,25.2,2.5
2023,813 Lighting fixtures & fittings,20.9,3
2024,813 Lighting fixtures & fittings,22.2,2.9
2025,813 Lighting fixtures & fittings,21.7,2.9
2006,"821 Furniture, mattresses & cushions",15.5,3.3
2007,"821 Furniture, mattresses & cushions",14.3,2.9
2008,"821 Furniture, mattresses & cushions",11.9,3.1
2009,"821 Furniture, mattresses & cushions",17.3,2.7
2010,"821 Furniture, mattresses & cushions",9.2,2.3
2011,"821 Furniture, mattresses & cushions",10.6,2.8
2012,"821 Furniture, mattresses & cushions",12.4,3
2013,"821 Furniture, mattresses & cushions",12.7,2.2
2014,"821 Furniture, mattresses & cushions",16.2,2.5
2015,"821 Furniture, mattresses & cushions",12.8,3.3
2016,"821 Furniture, mattresses & cushions",14.7,2.8
2017,"821 Furniture, mattresses & cushions",16.6,2.4
2018,"821 Furniture, mattresses & cushions",14.1,2.2
2019,"821 Furniture, mattresses & cushions",16.7,2.2
2020,"821 Furniture, mattresses & cushions",19.5,1.7
2021,"821 Furniture, mattresses & cushions",14.8,1.5
2022,"821 Furniture, mattresses & cushions",15.7,1.9
2023,"821 Furniture, mattresses & cushions",15.3,1.9
2024,"821 Furniture, mattresses & cushions",19.4,1.9
2025,"821 Furniture, mattresses & cushions",18.1,1.8
2006,"831 Travel goods, bags & like containers",4.5,1.7
2007,"831 Travel goods, bags & like containers",3.1,1.7
2008,"831 Travel goods, bags & like containers",3.8,2
2009,"831 Travel goods, bags & like containers",3.7,1.7
2010,"831 Travel goods, bags & like containers",2.9,1.7
2011,"831 Travel goods, bags & like containers",3,2.2
2012,"831 Travel goods, bags & like containers",5.3,1.8
2013,"831 Travel goods, bags & like containers",6.3,1.4
2014,"831 Travel goods, bags & like containers",6.2,1.3
2015,"831 Travel goods, bags & like containers",5.1,1.7
2016,"831 Travel goods, bags & like containers",4.9,1.3
2017,"831 Travel goods, bags & like containers",5.3,1.4
2018,"831 Travel goods, bags & like containers",4.9,1.1
2019,"831 Travel goods, bags & like containers",7.5,1
2020,"831 Travel goods, bags & like containers",4.3,1.3
2021,"831 Travel goods, bags & like containers",3.8,1.3
2022,"831 Travel goods, bags & like containers",5.1,1.1
2023,"831 Travel goods, bags & like containers",4.9,1.1
2024,"831 Travel goods, bags & like containers",8.8,1.1
2025,"831 Travel goods, bags & like containers",12.2,1.1
2006,841 Men's clothing (excl knitted),4.4,0.5
2007,841 Men's clothing (excl knitted),2.8,0.5
2008,841 Men's clothing (excl knitted),1.4,0.4
2009,841 Men's clothing (excl knitted),1,0.4
2010,841 Men's clothing (excl knitted),1.5,0.6
2011,841 Men's clothing (excl knitted),2.2,0.8
2012,841 Men's clothing (excl knitted),1.4,0.8
2013,841 Men's clothing (excl knitted),2.4,0.4
2014,841 Men's clothing (excl knitted),2.9,0.5
2015,841 Men's clothing (excl knitted),5.7,0.4
2016,841 Men's clothing (excl knitted),6.9,0.4
2017,841 Men's clothing (excl knitted),4.1,0.5
2018,841 Men's clothing (excl knitted),5.5,0.4
2019,841 Men's clothing (excl knitted),4.8,0.4
2020,841 Men's clothing (excl knitted),11,0.4
2021,841 Men's clothing (excl knitted),12.6,0.3
2022,841 Men's clothing (excl knitted),14.1,0.4
2023,841 Men's clothing (excl knitted),13.7,0.3
2024,841 Men's clothing (excl knitted),8.8,0.3
2025,841 Men's clothing (excl knitted),6.6,0.2
2006,842 Women's clothing (excl knitted),12.9,0.9
2007,842 Women's clothing (excl knitted),10.6,1.2
2008,842 Women's clothing (excl knitted),6.9,1.4
2009,842 Women's clothing (excl knitted),4.7,1.2
2010,842 Women's clothing (excl knitted),4.2,1.3
2011,842 Women's clothing (excl knitted),5.2,1.3
2012,842 Women's clothing (excl knitted),3.2,1.4
2013,842 Women's clothing (excl knitted),8.9,1.4
2014,842 Women's clothing (excl knitted),18.2,1.4
2015,842 Women's clothing (excl knitted),26.9,1.4
2016,842 Women's clothing (excl knitted),28.2,1.2
2017,842 Women's clothing (excl knitted),28.5,1
2018,842 Women's clothing (excl knitted),17.7,0.9
2019,842 Women's clothing (excl knitted),19.5,0.7
2020,842 Women's clothing (excl knitted),20.1,0.6
2021,842 Women's clothing (excl knitted),19.9,0.6
2022,842 Women's clothing (excl knitted),27.8,0.6
2023,842 Women's clothing (excl knitted),21.2,0.4
2024,842 Women's clothing (excl knitted),22.8,0.4
2025,842 Women's clothing (excl knitted),20.2,0.4
2006,"843 Men's clothing, knitted",5.7,0.3
2007,"843 Men's clothing, knitted",3.5,0.3
2008,"843 Men's clothing, knitted",4.6,0.4
2009,"843 Men's clothing, knitted",2.4,0.5
2010,"843 Men's clothing, knitted",3.5,0.8
2011,"843 Men's clothing, knitted",2.7,0.6
2012,"843 Men's clothing, knitted",3.3,0.5
2013,"843 Men's clothing, knitted",2.7,0.4
2014,"843 Men's clothing, knitted",3.5,0.3
2015,"843 Men's clothing, knitted",3.2,0.3
2016,"843 Men's clothing, knitted",4,0.3
2017,"843 Men's clothing, knitted",6.9,0.3
2018,"843 Men's clothing, knitted",6.9,0.3
2019,"843 Men's clothing, knitted",5.3,0.2
2020,"843 Men's clothing, knitted",4.6,0.2
2021,"843 Men's clothing, knitted",3.9,0.4
2022,"843 Men's clothing, knitted",3.6,0.3
2023,"843 Men's clothing, knitted",2.4,0.2
2024,"843 Men's clothing, knitted",10.9,0.1
2025,"843 Men's clothing, knitted",10.8,0.1
2006,"844 Women's clothing, knitted",2.8,0.7
2007,"844 Women's clothing, knitted",3.7,0.5
2008,"844 Women's clothing, knitted",4.9,0.4
2009,"844 Women's clothing, knitted",4,0.3
2010,"844 Women's clothing, knitted",3.8,0.4
2011,"844 Women's clothing, knitted",6.8,0.5
2012,"844 Women's clothing, knitted",4.4,0.7
2013,"844 Women's clothing, knitted",11.2,0.7
2014,"844 Women's clothing, knitted",28.5,1
2015,"844 Women's clothing, knitted",29.1,1.1
2016,"844 Women's clothing, knitted",18.8,0.9
2017,"844 Women's clothing, knitted",22.6,0.8
2018,"844 Women's clothing, knitted",15,1
2019,"844 Women's clothing, knitted",12.8,0.5
2020,"844 Women's clothing, knitted",8.9,0.3
2021,"844 Women's clothing, knitted",13.3,0.6
2022,"844 Women's clothing, knitted",9.6,0.4
2023,"844 Women's clothing, knitted",6.7,0.2
2024,"844 Women's clothing, knitted",4.2,0.2
2025,"844 Women's clothing, knitted",5.2,0.1
2006,845 Other textile clothing,4.9,0.8
2007,845 Other textile clothing,6.2,0.9
2008,845 Other textile clothing,5,1.2
2009,845 Other textile clothing,7,1.1
2010,845 Other textile clothing,5,1.1
2011,845 Other textile clothing,4.4,1
2012,845 Other textile clothing,3.8,1
2013,845 Other textile clothing,5.9,1
2014,845 Other textile clothing,9.5,0.8
2015,845 Other textile clothing,10.6,0.7
2016,845 Other textile clothing,13.6,0.7
2017,845 Other textile clothing,11.7,0.7
2018,845 Other textile clothing,11.5,0.8
2019,845 Other textile clothing,11.5,0.6
2020,845 Other textile clothing,7.7,0.6
2021,845 Other textile clothing,13.3,0.7
2022,845 Other textile clothing,9.2,0.6
2023,845 Other textile clothing,10.4,0.4
2024,845 Other textile clothing,14.1,0.4
2025,845 Other textile clothing,12.6,0.3
2006,846 Textile clothing accessories,5.7,3.4
2007,846 Textile clothing accessories,4.8,2.8
2008,846 Textile clothing accessories,2.5,2.8
2009,846 Textile clothing accessories,2.8,2.1
2010,846 Textile clothing accessories,2.6,2.2
2011,846 Textile clothing accessories,3.6,1.5
2012,846 Textile clothing accessories,3.9,2.2
2013,846 Textile clothing accessories,1.7,2.8
2014,846 Textile clothing accessories,4.3,2.5
2015,846 Textile clothing accessories,4.1,2.5
2016,846 Textile clothing accessories,6.6,2.4
2017,846 Textile clothing accessories,13.2,2.7
2018,846 Textile clothing accessories,3.8,1.6
2019,846 Textile clothing accessories,7.1,3.5
2020,846 Textile clothing accessories,7.6,2.7
2021,846 Textile clothing accessories,7.4,1.7
2022,846 Textile clothing accessories,7,1.3
2023,846 Textile clothing accessories,3.3,2.2
2024,846 Textile clothing accessories,4.6,1.4
2025,846 Textile clothing accessories,5,1.4
2006,"848 Clothing accessories, nes",6.9,3.5
2007,"848 Clothing accessories, nes",9.7,4
2008,"848 Clothing accessories, nes",9.6,2.8
2009,"848 Clothing accessories, nes",7.7,2.8
2010,"848 Clothing accessories, nes",6.8,3
2011,"848 Clothing accessories, nes",7.9,2.3
2012,"848 Clothing accessories, nes",11.5,2.5
2013,"848 Clothing accessories, nes",11,3.1
2014,"848 Clothing accessories, nes",8.5,3.4
2015,"848 Clothing accessories, nes",14.9,5.7
2016,"848 Clothing accessories, nes",5.7,4.9
2017,"848 Clothing accessories, nes",6.2,3.4
2018,"848 Clothing accessories, nes",8.8,3
2019,"848 Clothing accessories, nes",10,3.6
2020,"848 Clothing accessories, nes",10,2.9
2021,"848 Clothing accessories, nes",9.5,2.1
2022,"848 Clothing accessories, nes",8.2,2.6
2023,"848 Clothing accessories, nes",9,4.1
2024,"848 Clothing accessories, nes",11,3.9
2025,"848 Clothing accessories, nes",9.7,3.8
2006,851 Footwear,5.7,0.8
2007,851 Footwear,8.7,1
2008,851 Footwear,4.8,0.9
2009,851 Footwear,5.4,0.8
2010,851 Footwear,3.2,0.6
2011,851 Footwear,2.5,0.6
2012,851 Footwear,3.3,0.7
2013,851 Footwear,1.9,0.6
2014,851 Footwear,1.9,0.7
2015,851 Footwear,2.2,0.6
2016,851 Footwear,2.5,0.6
2017,851 Footwear,3.7,0.6
2018,851 Footwear,5,0.6
2019,851 Footwear,3.5,0.5
2020,851 Footwear,2.8,0.6
2021,851 Footwear,2.8,0.5
2022,851 Footwear,2.8,0.5
2023,851 Footwear,2.2,0.5
2024,851 Footwear,2.7,0.4
2025,851 Footwear,2.5,0.3
2006,871 Optical instruments,51.7,26.7
2007,871 Optical instruments,43.7,33
2008,871 Optical instruments,28.9,26.8
2009,871 Optical instruments,20.8,35.2
2010,871 Optical instruments,14.2,36.9
2011,871 Optical instruments,16.1,31.2
2012,871 Optical instruments,13.5,34.5
2013,871 Optical instruments,27.4,33.8
2014,871 Optical instruments,29.5,28.7
2015,871 Optical instruments,34.1,36.7
2016,871 Optical instruments,16.7,22
2017,871 Optical instruments,17.3,34.6
2018,871 Optical instruments,26.3,40
2019,871 Optical instruments,14.9,42.7
2020,871 Optical instruments,26.7,42.8
2021,871 Optical instruments,22.4,32.6
2022,871 Optical instruments,34.7,48.1
2023,871 Optical instruments,29.7,33
2024,871 Optical instruments,29.5,35.1
2025,871 Optical instruments,30.6,28.6
2006,872 Medical instruments (incl veterinary),46.4,42.7
2007,872 Medical instruments (incl veterinary),46.8,42.7
2008,872 Medical instruments (incl veterinary),42.2,41.1
2009,872 Medical instruments (incl veterinary),45.9,41.5
2010,872 Medical instruments (incl veterinary),47.2,39
2011,872 Medical instruments (incl veterinary),44.1,39.1
2012,872 Medical instruments (incl veterinary),36.8,39.2
2013,872 Medical instruments (incl veterinary),35.9,40.4
2014,872 Medical instruments (incl veterinary),35.4,37.4
2015,872 Medical instruments (incl veterinary),31.7,36
2016,872 Medical instruments (incl veterinary),23,36.4
2017,872 Medical instruments (incl veterinary),25.3,36.9
2018,872 Medical instruments (incl veterinary),21.8,35.1
2019,872 Medical instruments (incl veterinary),24.6,35
2020,872 Medical instruments (incl veterinary),22.2,31.7
2021,872 Medical instruments (incl veterinary),28.2,31.2
2022,872 Medical instruments (incl veterinary),36.8,31.1
2023,872 Medical instruments (incl veterinary),39.2,31.4
2024,872 Medical instruments (incl veterinary),31.5,32.1
2025,872 Medical instruments (incl veterinary),34.8,32
2006,873 Meters & counters,4.3,17.4
2007,873 Meters & counters,7.9,13.9
2008,873 Meters & counters,3.6,14.8
2009,873 Meters & counters,8,13.3
2010,873 Meters & counters,7.7,11.5
2011,873 Meters & counters,7.1,9.4
2012,873 Meters & counters,5.3,9
2013,873 Meters & counters,3.8,6.9
2014,873 Meters & counters,2.2,9.8
2015,873 Meters & counters,5.7,6.3
2016,873 Meters & counters,32.1,7.5
2017,873 Meters & counters,20.1,10
2018,873 Meters & counters,18.6,6.9
2019,873 Meters & counters,15.6,7.8
2020,873 Meters & counters,15.6,6.3
2021,873 Meters & counters,17.1,8.1
2022,873 Meters & counters,11.4,6.8
2023,873 Meters & counters,26.4,8.5
2024,873 Meters & counters,33,5.3
2025,873 Meters & counters,35.8,6.4
2006,874 Measuring & analysing instruments,23.7,37.9
2007,874 Measuring & analysing instruments,20.4,35.5
2008,874 Measuring & analysing instruments,21.4,34.8
2009,874 Measuring & analysing instruments,25.2,34
2010,874 Measuring & analysing instruments,23.8,33.8
2011,874 Measuring & analysing instruments,24.7,31.7
2012,874 Measuring & analysing instruments,23.9,35.2
2013,874 Measuring & analysing instruments,22.9,33.9
2014,874 Measuring & analysing instruments,21.3,35.4
2015,874 Measuring & analysing instruments,22,34.5
2016,874 Measuring & analysing instruments,23.4,33.8
2017,874 Measuring & analysing instruments,24.8,32.6
2018,874 Measuring & analysing instruments,25.4,32.5
2019,874 Measuring & analysing instruments,32.1,32.8
2020,874 Measuring & analysing instruments,32.6,29.3
2021,874 Measuring & analysing instruments,33,29
2022,874 Measuring & analysing instruments,34.5,30.3
2023,874 Measuring & analysing instruments,33.2,30.6
2024,874 Measuring & analysing instruments,25.6,32.8
2025,874 Measuring & analysing instruments,24.1,33.3
2006,881 Photographic equipment,29.5,14.3
2007,881 Photographic equipment,28.5,17.3
2008,881 Photographic equipment,15.3,18.7
2009,881 Photographic equipment,18.1,23.1
2010,881 Photographic equipment,16.6,22.2
2011,881 Photographic equipment,17.9,19.2
2012,881 Photographic equipment,17.4,21.5
2013,881 Photographic equipment,33.6,20.1
2014,881 Photographic equipment,27.7,20.7
2015,881 Photographic equipment,29.2,25
2016,881 Photographic equipment,30.2,27.2
2017,881 Photographic equipment,12.8,20.4
2018,881 Photographic equipment,11.5,19.8
2019,881 Photographic equipment,24.8,18.3
2020,881 Photographic equipment,24.7,13.8
2021,881 Photographic equipment,16.2,10.6
2022,881 Photographic equipment,10.5,9.6
2023,881 Photographic equipment,24,11.4
2024,881 Photographic equipment,21.8,15.1
2025,881 Photographic equipment,15.2,11.4
2006,882 Photo & cinematographic supplies,73.3,33.6
2007,882 Photo & cinematographic supplies,13.4,30.4
2008,882 Photo & cinematographic supplies,3,35.1
2009,882 Photo & cinematographic supplies,0.2,35.3
2010,882 Photo & cinematographic supplies,1.5,22
2011,882 Photo & cinematographic supplies,1.9,21
2012,882 Photo & cinematographic supplies,2.4,16.4
2013,882 Photo & cinematographic supplies,5.7,16.2
2014,882 Photo & cinematographic supplies,3,15
2015,882 Photo & cinematographic supplies,0.2,16.4
2016,882 Photo & cinematographic supplies,3,12.8
2017,882 Photo & cinematographic supplies,2.2,14.5
2018,882 Photo & cinematographic supplies,7.2,15
2019,882 Photo & cinematographic supplies,2,13.2
2020,882 Photo & cinematographic supplies,2.1,13
2021,882 Photo & cinematographic supplies,4.2,13.5
2022,882 Photo & cinematographic supplies,1,15.9
2023,882 Photo & cinematographic supplies,3.8,14.5
2024,882 Photo & cinematographic supplies,7,14.2
2025,882 Photo & cinematographic supplies,5.5,12.3
2006,"883 Cinematographic film, developed",2.9,48.5
2007,"883 Cinematographic film, developed",2,55.9
2008,"883 Cinematographic film, developed",1.8,59.2
2009,"883 Cinematographic film, developed",1.4,51.6
2010,"883 Cinematographic film, developed",2.3,24.1
2011,"883 Cinematographic film, developed",1.7,19
2012,"883 Cinematographic film, developed",16.3,34.9
2013,"883 Cinematographic film, developed",46.2,25.2
2014,"883 Cinematographic film, developed",63.3,52.7
2015,"883 Cinematographic film, developed",51.4,68.4
2016,"883 Cinematographic film, developed",7.2,51.1
2017,"883 Cinematographic film, developed",86.9,84.1
2018,"883 Cinematographic film, developed",0,67
2019,"883 Cinematographic film, developed",9.6,11.2
2020,"883 Cinematographic film, developed",9.4,60.5
2021,"883 Cinematographic film, developed",0,21.2
2022,"883 Cinematographic film, developed",47.3,89.8
2023,"883 Cinematographic film, developed",32,54.7
2024,"883 Cinematographic film, developed",36.3,63.7
2025,"883 Cinematographic film, developed",78.7,17.9
2006,"884 Optical goods, nes",9.7,17.8
2007,"884 Optical goods, nes",10,13.9
2008,"884 Optical goods, nes",11.1,13.6
2009,"884 Optical goods, nes",6.1,12.1
2010,"884 Optical goods, nes",2.8,10.7
2011,"884 Optical goods, nes",3.9,9.7
2012,"884 Optical goods, nes",6.6,8.6
2013,"884 Optical goods, nes",4.9,8.8
2014,"884 Optical goods, nes",6.6,8.8
2015,"884 Optical goods, nes",11.6,10.6
2016,"884 Optical goods, nes",15,11.4
2017,"884 Optical goods, nes",12.3,11.5
2018,"884 Optical goods, nes",11.5,11.7
2019,"884 Optical goods, nes",15.1,13.3
2020,"884 Optical goods, nes",13.9,10.5
2021,"884 Optical goods, nes",12.3,9.3
2022,"884 Optical goods, nes",14.6,9.6
2023,"884 Optical goods, nes",11.7,9.2
2024,"884 Optical goods, nes",13.4,10.1
2025,"884 Optical goods, nes",10.5,10.8
2006,885 Watches & clocks,4.9,2.2
2007,885 Watches & clocks,4.2,2
2008,885 Watches & clocks,2.9,2
2009,885 Watches & clocks,4.2,1.8
2010,885 Watches & clocks,1.9,2
2011,885 Watches & clocks,1.1,1.8
2012,885 Watches & clocks,1.7,2.2
2013,885 Watches & clocks,1.1,1.3
2014,885 Watches & clocks,1.7,1.4
2015,885 Watches & clocks,5.8,1.1
2016,885 Watches & clocks,6.9,1.1
2017,885 Watches & clocks,2.9,1.3
2018,885 Watches & clocks,2.2,1
2019,885 Watches & clocks,3.1,1.1
2020,885 Watches & clocks,3.7,1.3
2021,885 Watches & clocks,3.3,1.4
2022,885 Watches & clocks,3,1.2
2023,885 Watches & clocks,6.3,0.9
2024,885 Watches & clocks,8.4,0.9
2025,885 Watches & clocks,4.8,0.7
2006,891 Arms & ammunition,26.8,54
2007,891 Arms & ammunition,51.9,62.1
2008,891 Arms & ammunition,34.5,28.2
2009,891 Arms & ammunition,33.9,42.8
2010,891 Arms & ammunition,56.5,53.2
2011,891 Arms & ammunition,66.7,53.3
2012,891 Arms & ammunition,58.1,53.7
2013,891 Arms & ammunition,50,46.3
2014,891 Arms & ammunition,51.9,62.1
2015,891 Arms & ammunition,49.7,54.5
2016,891 Arms & ammunition,31.3,61.1
2017,891 Arms & ammunition,29,39.8
2018,891 Arms & ammunition,19,31.6
2019,891 Arms & ammunition,4.4,35.2
2020,891 Arms & ammunition,11.3,39.7
2021,891 Arms & ammunition,23.6,46.2
2022,891 Arms & ammunition,14.2,53.4
2023,891 Arms & ammunition,4.3,39.1
2024,891 Arms & ammunition,7.8,64.2
2025,891 Arms & ammunition,14.7,67.6
2006,892 Printed matter,8.4,27.5
2007,892 Printed matter,6.7,26.8
2008,892 Printed matter,6.4,25.8
2009,892 Printed matter,6.4,25.5
2010,892 Printed matter,5.4,22.4
2011,892 Printed matter,5.3,20.3
2012,892 Printed matter,5.9,19.1
2013,892 Printed matter,8.7,19.3
2014,892 Printed matter,9.5,18.2
2015,892 Printed matter,13.6,20.5
2016,892 Printed matter,19.7,22.2
2017,892 Printed matter,30.6,23.3
2018,892 Printed matter,31.4,20.9
2019,892 Printed matter,33.6,22.1
2020,892 Printed matter,23.6,21.3
2021,892 Printed matter,12.1,25.3
2022,892 Printed matter,14,24.6
2023,892 Printed matter,14.4,20.9
2024,892 Printed matter,16.2,17.3
2025,892 Printed matter,18.3,19.6
2006,"893 Plastic articles, nes",12.6,12.1
2007,"893 Plastic articles, nes",9,10.9
2008,"893 Plastic articles, nes",9.9,9.6
2009,"893 Plastic articles, nes",13.4,9.1
2010,"893 Plastic articles, nes",9.4,9
2011,"893 Plastic articles, nes",7.3,8.6
2012,"893 Plastic articles, nes",7.1,8.3
2013,"893 Plastic articles, nes",7.7,8.5
2014,"893 Plastic articles, nes",8.2,7.7
2015,"893 Plastic articles, nes",8.3,7.2
2016,"893 Plastic articles, nes",12.8,7.1
2017,"893 Plastic articles, nes",11,6.8
2018,"893 Plastic articles, nes",11.2,6.8
2019,"893 Plastic articles, nes",11.7,7
2020,"893 Plastic articles, nes",8.9,6.2
2021,"893 Plastic articles, nes",11,6.3
2022,"893 Plastic articles, nes",10.2,6.5
2023,"893 Plastic articles, nes",9.9,6.8
2024,"893 Plastic articles, nes",15.9,6.6
2025,"893 Plastic articles, nes",10.4,6.4
2006,"894 Prams, toys, games & sporting goods",19.2,10
2007,"894 Prams, toys, games & sporting goods",12.6,9.1
2008,"894 Prams, toys, games & sporting goods",9.5,6.8
2009,"894 Prams, toys, games & sporting goods",7.1,6.7
2010,"894 Prams, toys, games & sporting goods",7.7,6.6
2011,"894 Prams, toys, games & sporting goods",6.1,6.5
2012,"894 Prams, toys, games & sporting goods",9.7,7
2013,"894 Prams, toys, games & sporting goods",11.7,8
2014,"894 Prams, toys, games & sporting goods",11.1,8
2015,"894 Prams, toys, games & sporting goods",10.8,7.6
2016,"894 Prams, toys, games & sporting goods",17.1,7.7
2017,"894 Prams, toys, games & sporting goods",14.2,6.4
2018,"894 Prams, toys, games & sporting goods",11.5,6.6
2019,"894 Prams, toys, games & sporting goods",11.1,6.2
2020,"894 Prams, toys, games & sporting goods",11.6,4.9
2021,"894 Prams, toys, games & sporting goods",12.3,5.6
2022,"894 Prams, toys, games & sporting goods",15.7,5.3
2023,"894 Prams, toys, games & sporting goods",9.3,5.9
2024,"894 Prams, toys, games & sporting goods",7.7,5.7
2025,"894 Prams, toys, games & sporting goods",9.3,6.5
2006,"895 Office & stationery supplies, nes",6,15.3
2007,"895 Office & stationery supplies, nes",8,13.7
2008,"895 Office & stationery supplies, nes",3.8,11.9
2009,"895 Office & stationery supplies, nes",4.3,12.4
2010,"895 Office & stationery supplies, nes",7.3,7.8
2011,"895 Office & stationery supplies, nes",4.6,6.3
2012,"895 Office & stationery supplies, nes",6.3,7.4
2013,"895 Office & stationery supplies, nes",3.9,6.4
2014,"895 Office & stationery supplies, nes",2.4,7.1
2015,"895 Office & stationery supplies, nes",3.1,7.1
2016,"895 Office & stationery supplies, nes",20.2,6.9
2017,"895 Office & stationery supplies, nes",9.3,6.7
2018,"895 Office & stationery supplies, nes",5.2,7.9
2019,"895 Office & stationery supplies, nes",5.6,7.3
2020,"895 Office & stationery supplies, nes",6.2,8.2
2021,"895 Office & stationery supplies, nes",3.7,8.7
2022,"895 Office & stationery supplies, nes",3.7,10.7
2023,"895 Office & stationery supplies, nes",2.2,11.3
2024,"895 Office & stationery supplies, nes",5.6,11.2
2025,"895 Office & stationery supplies, nes",6.4,10.3
2006,896 Artwork & antiques,54.2,18.3
2007,896 Artwork & antiques,22.1,13.9
2008,896 Artwork & antiques,28.4,15
2009,896 Artwork & antiques,33.2,14.7
2010,896 Artwork & antiques,24.4,11.7
2011,896 Artwork & antiques,15,17.1
2012,896 Artwork & antiques,22.8,17
2013,896 Artwork & antiques,18.4,20.9
2014,896 Artwork & antiques,21.6,16.7
2015,896 Artwork & antiques,23.5,28.2
2016,896 Artwork & antiques,22.8,25.5
2017,896 Artwork & antiques,19.7,28.5
2018,896 Artwork & antiques,27.4,20.5
2019,896 Artwork & antiques,32.2,28.4
2020,896 Artwork & antiques,34.2,21.9
2021,896 Artwork & antiques,25.9,19.7
2022,896 Artwork & antiques,33.2,27.3
2023,896 Artwork & antiques,33.7,21.2
2024,896 Artwork & antiques,40.8,22.6
2025,896 Artwork & antiques,30.2,24.5
2006,897 Jewellery,6.9,4.6
2007,897 Jewellery,11.2,5.3
2008,897 Jewellery,8.1,7.4
2009,897 Jewellery,11.6,5.6
2010,897 Jewellery,9.7,5.6
2011,897 Jewellery,5.4,6.7
2012,897 Jewellery,4.5,8
2013,897 Jewellery,10.2,11.3
2014,897 Jewellery,12.3,12
2015,897 Jewellery,13.1,12.5
2016,897 Jewellery,11.5,10.4
2017,897 Jewellery,14.1,13.1
2018,897 Jewellery,14.5,13.2
2019,897 Jewellery,9.8,15
2020,897 Jewellery,6.2,10.7
2021,897 Jewellery,5.7,9.3
2022,897 Jewellery,5.3,10.1
2023,897 Jewellery,28.4,16.3
2024,897 Jewellery,9.5,7.1
2025,897 Jewellery,8.1,5.9
2006,898 Musical instruments & parts,15.7,15.6
2007,898 Musical instruments & parts,11.9,12.8
2008,898 Musical instruments & parts,12.5,13.7
2009,898 Musical instruments & parts,16.9,12.5
2010,898 Musical instruments & parts,15.3,10.5
2011,898 Musical instruments & parts,10.6,11.7
2012,898 Musical instruments & parts,9.4,12.3
2013,898 Musical instruments & parts,9.8,11.5
2014,898 Musical instruments & parts,11.1,10.5
2015,898 Musical instruments & parts,9.8,9.5
2016,898 Musical instruments & parts,12.2,11.3
2017,898 Musical instruments & parts,14.1,8.8
2018,898 Musical instruments & parts,15.5,9.6
2019,898 Musical instruments & parts,19.5,10.6
2020,898 Musical instruments & parts,17.2,12
2021,898 Musical instruments & parts,15.3,12.2
2022,898 Musical instruments & parts,16.6,11.1
2023,898 Musical instruments & parts,17.8,10.3
2024,898 Musical instruments & parts,18.9,9.9
2025,898 Musical instruments & parts,15.7,10.6
2006,"899 Misc manufactured articles, nes",28.4,29.4
2007,"899 Misc manufactured articles, nes",35.6,27.5
2008,"899 Misc manufactured articles, nes",38.1,25.9
2009,"899 Misc manufactured articles, nes",27.7,25.9
2010,"899 Misc manufactured articles, nes",29.4,26.9
2011,"899 Misc manufactured articles, nes",27.5,27.6
2012,"899 Misc manufactured articles, nes",29.6,27.8
2013,"899 Misc manufactured articles, nes",30.3,27
2014,"899 Misc manufactured articles, nes",27.1,27.2
2015,"899 Misc manufactured articles, nes",30.7,28.8
2016,"899 Misc manufactured articles, nes",32.9,29.1
2017,"899 Misc manufactured articles, nes",35.1,28.2
2018,"899 Misc manufactured articles, nes",34.4,26.7
2019,"899 Misc manufactured articles, nes",19.5,25.4
2020,"899 Misc manufactured articles, nes",14.3,25.4
2021,"899 Misc manufactured articles, nes",14.7,24.5
2022,"899 Misc manufactured articles, nes",16.2,22
2023,"899 Misc manufactured articles, nes",17.2,22.7
2024,"899 Misc manufactured articles, nes",32.5,20.2
2025,"899 Misc manufactured articles, nes",32.3,21.5
2006,931 Special transactions & commodities,19.4,34.3
2007,931 Special transactions & commodities,26.4,33.9
2008,931 Special transactions & commodities,33.6,29.8
2009,931 Special transactions & commodities,57.3,32.1
2010,931 Special transactions & commodities,49.3,35.9
2011,931 Special transactions & commodities,40.5,28.9
2012,931 Special transactions & commodities,22.8,23.3
2013,931 Special transactions & commodities,27.7,35.4
2014,931 Special transactions & commodities,29.9,15.5
2015,931 Special transactions & commodities,23.1,19.2
2016,931 Special transactions & commodities,29.9,20.4
2017,931 Special transactions & commodities,18.9,8.7
2018,931 Special transactions & commodities,10.1,12.3
2019,931 Special transactions & commodities,12.4,18.6
2020,931 Special transactions & commodities,12.1,28.8
2021,931 Special transactions & commodities,31.9,19.3
2022,931 Special transactions & commodities,8.6,9.7
2023,931 Special transactions & commodities,10.3,20
2024,931 Special transactions & commodities,9.3,25.3
2025,931 Special transactions & commodities,7.3,26.5
2006,951 Gold coin & legal tender coin,21.7,11.3
2007,951 Gold coin & legal tender coin,13.8,9.4
2008,951 Gold coin & legal tender coin,8.8,6.4
2009,951 Gold coin & legal tender coin,16,13.2
2010,951 Gold coin & legal tender coin,15.5,18.4
2011,951 Gold coin & legal tender coin,27.5,20
2012,951 Gold coin & legal tender coin,26,58.3
2013,951 Gold coin & legal tender coin,35,54.6
2014,951 Gold coin & legal tender coin,34.7,51.9
2015,951 Gold coin & legal tender coin,39.9,42.9
2016,951 Gold coin & legal tender coin,26.3,25.9
2017,951 Gold coin & legal tender coin,24.9,13.6
2018,951 Gold coin & legal tender coin,24.7,7.5
2019,951 Gold coin & legal tender coin,16.5,13.2
2020,951 Gold coin & legal tender coin,24.1,7.6
2021,951 Gold coin & legal tender coin,45.4,6.8
2022,951 Gold coin & legal tender coin,51.2,11.4
2023,951 Gold coin & legal tender coin,63.9,13.4
2024,951 Gold coin & legal tender coin,45.7,8
2025,951 Gold coin & legal tender coin,26.7,12.1
2006,961 Coin (excl gold coin) not legal tender,1.9,7.9
2007,961 Coin (excl gold coin) not legal tender,25.6,15.6
2008,961 Coin (excl gold coin) not legal tender,0,46.5
2009,961 Coin (excl gold coin) not legal tender,27.3,24.6
2010,961 Coin (excl gold coin) not legal tender,4.8,47.3
2011,961 Coin (excl gold coin) not legal tender,0,62.3
2012,961 Coin (excl gold coin) not legal tender,3.8,52.3
2013,961 Coin (excl gold coin) not legal tender,84.3,58.4
2014,961 Coin (excl gold coin) not legal tender,0,39.9
2015,961 Coin (excl gold coin) not legal tender,2.5,31.1
2016,961 Coin (excl gold coin) not legal tender,0,10.6
2017,961 Coin (excl gold coin) not legal tender,1.9,5.9
2018,961 Coin (excl gold coin) not legal tender,5.3,6.9
2019,961 Coin (excl gold coin) not legal tender,14.3,20.9
2020,961 Coin (excl gold coin) not legal tender,64.7,9.8
2021,961 Coin (excl gold coin) not legal tender,2.1,24.2
2022,961 Coin (excl gold coin) not legal tender,2.1,18.4
2023,961 Coin (excl gold coin) not legal tender,8.3,7.8
2024,961 Coin (excl gold coin) not legal tender,1.4,25
2025,961 Coin (excl gold coin) not legal tender,8.7,16.4
2006,971 Gold,0,9.5
2007,971 Gold,0,1.1
2008,971 Gold,0,4.4
2009,971 Gold,0.1,12.3
2010,971 Gold,1.1,8.8
2011,971 Gold,2.1,12.4
2012,971 Gold,1.7,2.6
2013,971 Gold,1.3,5
2014,971 Gold,0.8,9.5
2015,971 Gold,0.9,3.8
2016,971 Gold,0.8,6.2
2017,971 Gold,0.4,2.1
2018,971 Gold,0.6,0
2019,971 Gold,0.5,4.3
2020,971 Gold,23.6,8.9
2021,971 Gold,5.9,16.1
2022,971 Gold,6.4,19
2023,971 Gold,5.8,28.1
2024,971 Gold,8.3,18.1
2025,971 Gold,25.8,6.9
2006,988 Confidential items of trade,27.2,235.7
2007,988 Confidential items of trade,23.9,103.5
2008,988 Confidential items of trade,28.3,21.8
2009,988 Confidential items of trade,31.5,51.3
2010,988 Confidential items of trade,20.6,56.9
2011,988 Confidential items of trade,30.8,53.7
2012,988 Confidential items of trade,38,60.2
2013,988 Confidential items of trade,30.6,55.3
2014,988 Confidential items of trade,37.7,40.9
2015,988 Confidential items of trade,35.9,54.9
2016,988 Confidential items of trade,27.1,52.8
2017,988 Confidential items of trade,27.7,37.3
2018,988 Confidential items of trade,33.2,39.3
2019,988 Confidential items of trade,22.4,31.5
2020,988 Confidential items of trade,12.2,23.5
2021,988 Confidential items of trade,10.1,12.9
2022,988 Confidential items of trade,12,17
2023,988 Confidential items of trade,15.5,37.8
2024,988 Confidential items of trade,25.6,34.9
2025,988 Confidential items of trade,50.5,39.8
2006,Total goods,6.2,14
2007,Total goods,6,12.6
2008,Total goods,5.5,11.9
2009,Total goods,4.9,12.4
2010,Total goods,4,12.3
2011,Total goods,3.7,12.6
2012,Total goods,3.8,12.6
2013,Total goods,3.7,11.1
2014,Total goods,4.5,11.4
2015,Total goods,5.7,12.4
2016,Total goods,4.8,11.7
2017,Total goods,4.1,10.8
2018,Total goods,3.9,10.9
2019,Total goods,3.9,12.1
2020,Total goods,5.4,11.9
2021,Total goods,3.6,10.5
2022,Total goods,3.5,10.3
2023,Total goods,3.8,11.5
2024,Total goods,4.7,12
2025,Total goods,7.8,11.4
2006,510 Confidential organic chemicals,,0
2007,510 Confidential organic chemicals,,0
2008,510 Confidential organic chemicals,,0
2009,510 Confidential organic chemicals,,0
2010,510 Confidential organic chemicals,,0
2011,510 Confidential organic chemicals,,0
2012,510 Confidential organic chemicals,,0
2013,510 Confidential organic chemicals,,0
2014,510 Confidential organic chemicals,,0
2015,510 Confidential organic chemicals,,0
2016,510 Confidential organic chemicals,,0
2017,510 Confidential organic chemicals,,0
2018,510 Confidential organic chemicals,,0
2019,510 Confidential organic chemicals,,0
2020,510 Confidential organic chemicals,,0
2021,510 Confidential organic chemicals,,0
2022,510 Confidential organic chemicals,,0
2023,510 Confidential organic chemicals,,0
2024,510 Confidential organic chemicals,,0
2025,510 Confidential organic chemicals,,0
